linkPair,numSpec,bestEvale,bestSVM,pep,LinkType,spec1,spec2
sp|P08514|ITA2B_HUMAN (705)-sp|P08514|ITA2B_HUMAN (718),158,4.41E-12,4.41E-23,LICNQK(3)-VVLCELGNPMK(4),Cross-link,Integrin_LTA_rej23.14513.14513.2.0.dta,Integrin_LTA_rej23.14529.14529.2.0.dta
sp|P08514|ITA2B_HUMAN (177)-sp|P08514|ITA2B_HUMAN (515),40,0.01232026,1.93E-04,TPVGSCFLAQPESGRRAEYSPCR(22)-TPVSCFNIQMCVGATGHNIPQK(5),Cross-link,Integrin_LTA_rej23.19636.19636.5.1.dta,Integrin_LTA_rej23.20455.20455.5.0.dta
sp|P08514|ITA2B_HUMAN (177)-sp|P08514|ITA2B_HUMAN (521),23,0.01193697,1.57E-04,TPVGSCFLAQPESGRRAEYSPCR(22)-TPVSCFNIQMCVGATGHNIPQK(11),Cross-link,Integrin_LTA_rej23.17745.17745.5.1.dta,Integrin_LTA_rej23.19695.19695.5.0.dta
sp|P08514|ITA2B_HUMAN (504)-sp|P08514|ITA2B_HUMAN (515),6,9.26E-07,1.32E-13,SCVLPQTK(2)-TPVSCFNIQMCVGATGHNIPQK(5),Cross-link,Integrin_LTA_rej23.17716.17716.4.4.dta,Integrin_LTA_rej23.17702.17702.4.0.dta
sp|P08514|ITA2B_HUMAN (161)-sp|P08514|ITA2B_HUMAN (515),6,0.01315217,3.50E-02,TPVGSCFLAQPESGRRAEYSPCR(6)-TPVSCFNIQMCVGATGHNIPQK(5),Cross-link,Integrin_LTA_rej23.18464.18464.5.0.dta,Integrin_LTA_rej23.20228.20228.6.3.dta
sp|P08514|ITA2B_HUMAN (161)-sp|P08514|ITA2B_HUMAN (521),3,0.1716668,8.81E-03,TPVGSCFLAQPESGRRAEYSPCR(6)-TPVSCFNIQMCVGATGHNIPQK(11),Cross-link,Integrin_LTA_rej23.19343.19343.5.0.dta,Integrin_LTA_rej2.14063.14063.5.0.dta
sp|P08514|ITA2B_HUMAN (718)-sp|P08514|ITA2B_HUMAN (705),3,0.06332297,6.28E-01,VVLCELGNPMK(4)-LICNQK(3),Cross-link,Integrin_LTA_rej23.15027.15027.3.2.dta,Integrin_LTA_rej23.14773.14773.4.3.dta
sp|P08514|ITA2B_HUMAN (161)-sp|P08514|ITA2B_HUMAN (576),2,0.001325722,2.38E-03,TPVGSCFLAQPESGRRAEYSPCRGNTLSR(6)-HSPICHTTMAFLR(5),Cross-link,Integrin_LTA_rej2.14772.14772.5.2.dta,Integrin_LTA_rej2.15497.15497.3.0.dta
sp|P02768|ALBU_HUMAN (501)-sp|P08514|ITA2B_HUMAN (161),2,9.88E-05,9.40E-03,TPVSDRVTKCCTESLVNR(11)-TPVGSCFLAQPESGR(6),Cross-link,Integrin_LTA_rej23.21164.21164.4.0.dta,Integrin_LTA_rej23.19978.19978.4.0.dta
sp|P05067|A4_HUMAN (105)-sp|P08514|ITA2B_HUMAN (718),1,0.001679594,3.84E-01,GRKQCK(5)-VVLCELGNPMK(4),Cross-link,Integrin_LTA_rej23.14309.14309.3.1.dta,
sp|P08514|ITA2B_HUMAN (87)(96),10,5.25E-12,4.48E-04,TLGPSQEETGGVFLCPWRAEGGQCPSLLFDLR(15)(24),Loop-link,Integrin_LTA_rej2.16609.16609.4.0.dta,Integrin_LTA_rej23.22235.22235.4.0.dta
