Protein_Order,Protein,Unique_Peptide_Number,Spectrum_Number
,Spectrum_Order,Title,Charge,Precursor_Mass,Peptide,Peptide_Mass,Modifications,Evalue,Score,Precursor_Mass_Error(Da),Precursor_Mass_Error(ppm),Alpha_Evalue,Beta_Evalue
1,sp|P02769|ALBU_BOVIN (138)(140),3,32
,1,DSSO_HCD_STEP_NCE_25_35_MS2_rej2_T1.17383.17383.3.0.dta,3,3045.371899,DDSPDLPKLKPDPNTLCDEFKADEK(8)(10),3045.370223,Carbamidomethyl[C](17),1.000000e+000,1.254337e-002,0.001676,0.550344,1.000000e+000,1.000000e+000
,2,DSSO_HCD_STEP_NCE_25_35_MS2_rej2_T1.17405.17405.3.0.dta,3,3045.372199,DDSPDLPKLKPDPNTLCDEFKADEK(8)(10),3045.370223,Carbamidomethyl[C](17),1.000000e+000,1.298142e-002,0.001976,0.648854,1.000000e+000,1.000000e+000
,3,DSSO_HCD_STEP_NCE_25_35_MS2_rej2_T2.16911.16911.3.0.dta,3,3045.377074,DDSPDLPKLKPDPNTLCDEFKADEK(8)(10),3045.370223,Carbamidomethyl[C](17),1.000000e+000,1.532283e-002,0.006851,2.249644,1.000000e+000,1.000000e+000
,4,DSSO_HCD_STEP_NCE_25_35_MS2_rej2_T2.17451.17451.3.0.dta,3,3045.370523,DDSPDLPKLKPDPNTLCDEFKADEK(8)(10),3045.370223,Carbamidomethyl[C](17),1.000000e+000,2.222460e-002,0.000300,0.098510,1.000000e+000,1.000000e+000
,5,DSSO_HCD_STEP_NCE_25_35_MS2_rej2_T2.16901.16901.3.0.dta,3,3045.376535,DDSPDLPKLKPDPNTLCDEFKADEK(8)(10),3045.370223,Carbamidomethyl[C](17),1.000000e+000,2.282164e-002,0.006312,2.072654,1.000000e+000,1.000000e+000
,6,DSSO_HCD_STEP_NCE_25_35_MS2_rej2_T1.16863.16863.3.0.dta,3,3045.377456,DDSPDLPKLKPDPNTLCDEFKADEK(8)(10),3045.370223,Carbamidomethyl[C](17),1.000000e+000,2.408374e-002,0.007233,2.375081,1.000000e+000,1.000000e+000
,7,DSSO_HCD_STEP_NCE_25_35_MS2_rej2_T1.16838.16838.3.0.dta,3,3045.376776,DDSPDLPKLKPDPNTLCDEFKADEK(8)(10),3045.370223,Carbamidomethyl[C](17),1.000000e+000,2.590507e-002,0.006553,2.151791,1.000000e+000,1.000000e+000
,8,DSSO_HCD_STEP_NCE_25_35_MS2_rej2_T1.17010.17010.3.0.dta,3,3045.377168,DDSPDLPKLKPDPNTLCDEFKADEK(8)(10),3045.370223,Carbamidomethyl[C](17),1.000000e+000,2.931308e-002,0.006945,2.280511,1.000000e+000,1.000000e+000
,9,DSSO_HCD_STEP_NCE_25_35_MS2_rej2_T1.16868.16868.3.0.dta,3,3045.377456,DDSPDLPKLKPDPNTLCDEFKADEK(8)(10),3045.370223,Carbamidomethyl[C](17),1.000000e+000,5.090441e-002,0.007233,2.375081,1.000000e+000,1.000000e+000
,10,DSSO_HCD_STEP_NCE_25_35_MS2_rej2_T1.17103.17103.3.0.dta,3,3045.377032,DDSPDLPKLKPDPNTLCDEFKADEK(8)(10),3045.370223,Carbamidomethyl[C](17),1.000000e+000,6.449312e-002,0.006809,2.235853,1.000000e+000,1.000000e+000
,11,DSSO_HCD_STEP_NCE_25_35_MS2_rej2_T2.16971.16971.3.0.dta,3,3045.377128,DDSPDLPKLKPDPNTLCDEFKADEK(8)(10),3045.370223,Carbamidomethyl[C](17),1.000000e+000,8.252001e-002,0.006905,2.267376,1.000000e+000,1.000000e+000
,12,DSSO_HCD_STEP_NCE_25_35_MS2_rej2_T2.17367.17367.3.0.dta,3,3045.371835,DDSPDLPKLKPDPNTLCDEFKADEK(8)(10),3045.370223,Carbamidomethyl[C](17),1.000000e+000,1.024899e-001,0.001612,0.529328,1.000000e+000,1.000000e+000
,13,DSSO_HCD_STEP_NCE_25_35_MS2_rej2_T2.17395.17395.3.0.dta,3,3045.371683,DDSPDLPKLKPDPNTLCDEFKADEK(8)(10),3045.370223,Carbamidomethyl[C](17),1.000000e+000,1.580113e-001,0.001460,0.479416,1.000000e+000,1.000000e+000
,14,DSSO_HCD_STEP_NCE_25_35_MS2_rej2_T2.17614.17614.3.2.dta,3,3045.374817,DDSPDLPKLKPDPNTLCDEFKADEK(8)(10),3045.370223,Carbamidomethyl[C](17),1.000000e+000,3.138884e-001,0.004594,1.508519,1.000000e+000,1.000000e+000
,15,DSSO_HCD_STEP_NCE_25_35_MS2_rej2_T2.17221.17221.3.0.dta,3,3045.377545,DDSPDLPKLKPDPNTLCDEFKADEK(8)(10),3045.370223,Carbamidomethyl[C](17),1.000000e+000,3.251333e-001,0.007322,2.404305,1.000000e+000,1.000000e+000
,16,DSSO_HCD_STEP_NCE_25_35_MS2_rej2_T1.18318.18318.3.0.dta,3,2602.174691,DDSPDLPKLKPDPNTLCDEFK(8)(10),2602.168630,Carbamidomethyl[C](17),1.000000e+000,1.392660e-002,0.006061,2.329211,1.000000e+000,1.000000e+000
,17,DSSO_HCD_STEP_NCE_25_35_MS2_rej2_T1.18212.18212.3.0.dta,3,2602.176715,DDSPDLPKLKPDPNTLCDEFK(8)(10),2602.168630,Carbamidomethyl[C](17),1.000000e+000,1.531499e-002,0.008085,3.107024,1.000000e+000,1.000000e+000
,18,DSSO_HCD_STEP_NCE_25_35_MS2_rej2_T2.18249.18249.3.0.dta,3,2602.167153,DDSPDLPKLKPDPNTLCDEFK(8)(10),2602.168630,Carbamidomethyl[C](17),1.000000e+000,2.738161e-002,-0.001477,-0.567603,1.000000e+000,1.000000e+000
,19,DSSO_HCD_STEP_NCE_25_35_MS2_rej2_T1.18338.18338.3.0.dta,3,2602.172957,DDSPDLPKLKPDPNTLCDEFK(8)(10),2602.168630,Carbamidomethyl[C](17),1.000000e+000,5.087688e-002,0.004327,1.662844,1.000000e+000,1.000000e+000
,20,DSSO_HCD_STEP_NCE_25_35_MS2_rej2_T1.18373.18373.3.0.dta,3,2602.173636,DDSPDLPKLKPDPNTLCDEFK(8)(10),2602.168630,Carbamidomethyl[C](17),1.000000e+000,7.819125e-002,0.005006,1.923780,1.000000e+000,1.000000e+000
,21,DSSO_HCD_STEP_NCE_25_35_MS2_rej2_T2.18397.18397.3.0.dta,3,2602.173972,DDSPDLPKLKPDPNTLCDEFK(8)(10),2602.168630,Carbamidomethyl[C](17),1.000000e+000,9.230333e-002,0.005342,2.052903,1.000000e+000,1.000000e+000
,22,DSSO_HCD_STEP_NCE_25_35_MS2_rej2_T1.16384.16384.4.0.dta,4,3617.627870,NECFLSHKDDSPDLPKLKPDPNTLCDEFK(16)(18),3617.623134,Carbamidomethyl[C](3);Carbamidomethyl[C](25),1.000000e+000,1.537436e-002,0.004736,1.309147,1.000000e+000,1.000000e+000
,23,DSSO_HCD_STEP_NCE_25_35_MS2_rej2_T1.16323.16323.4.0.dta,4,3617.627651,NECFLSHKDDSPDLPKLKPDPNTLCDEFK(16)(18),3617.623134,Carbamidomethyl[C](3);Carbamidomethyl[C](25),1.000000e+000,1.834811e-002,0.004517,1.248610,1.000000e+000,1.000000e+000
,24,DSSO_HCD_STEP_NCE_25_35_MS2_rej2_T2.16350.16350.3.0.dta,3,3617.618827,NECFLSHKDDSPDLPKLKPDPNTLCDEFK(16)(18),3617.623134,Carbamidomethyl[C](3);Carbamidomethyl[C](25),1.000000e+000,2.824822e-002,-0.004307,-1.190561,1.000000e+000,1.000000e+000
,25,DSSO_HCD_STEP_NCE_25_35_MS2_rej2_T2.16463.16463.3.1.dta,3,3617.628437,NECFLSHKDDSPDLPKLKPDPNTLCDEFK(16)(18),3617.623134,Carbamidomethyl[C](3);Carbamidomethyl[C](25),1.000000e+000,3.850801e-002,0.005303,1.465880,1.000000e+000,1.000000e+000
,26,DSSO_HCD_STEP_NCE_25_35_MS2_rej2_T2.16355.16355.3.0.dta,3,3617.619980,NECFLSHKDDSPDLPKLKPDPNTLCDEFK(16)(18),3617.623134,Carbamidomethyl[C](3);Carbamidomethyl[C](25),1.000000e+000,4.880715e-002,-0.003154,-0.871843,1.000000e+000,1.000000e+000
,27,DSSO_HCD_STEP_NCE_25_35_MS2_rej2_T1.16311.16311.3.0.dta,3,3617.635151,NECFLSHKDDSPDLPKLKPDPNTLCDEFK(16)(18),3617.623134,Carbamidomethyl[C](3);Carbamidomethyl[C](25),1.000000e+000,5.929079e-002,0.012017,3.321794,1.000000e+000,1.000000e+000
,28,DSSO_HCD_STEP_NCE_25_35_MS2_rej2_T1.16324.16324.3.0.dta,3,3617.634544,NECFLSHKDDSPDLPKLKPDPNTLCDEFK(16)(18),3617.623134,Carbamidomethyl[C](3);Carbamidomethyl[C](25),1.000000e+000,6.397439e-002,0.011410,3.154005,1.000000e+000,1.000000e+000
,29,DSSO_HCD_STEP_NCE_25_35_MS2_rej2_T2.16353.16353.4.3.dta,4,3617.627898,NECFLSHKDDSPDLPKLKPDPNTLCDEFK(16)(18),3617.623134,Carbamidomethyl[C](3);Carbamidomethyl[C](25),1.000000e+000,6.872062e-002,0.004764,1.316887,1.000000e+000,1.000000e+000
,30,DSSO_HCD_STEP_NCE_25_35_MS2_rej2_T1.16666.16666.4.0.dta,4,3617.624819,NECFLSHKDDSPDLPKLKPDPNTLCDEFK(16)(18),3617.623134,Carbamidomethyl[C](3);Carbamidomethyl[C](25),1.000000e+000,8.985963e-002,0.001685,0.465775,1.000000e+000,1.000000e+000
,31,DSSO_HCD_STEP_NCE_25_35_MS2_rej2_T1.16470.16470.3.2.dta,3,3617.630004,NECFLSHKDDSPDLPKLKPDPNTLCDEFK(16)(18),3617.623134,Carbamidomethyl[C](3);Carbamidomethyl[C](25),1.000000e+000,1.762897e-001,0.006870,1.899037,1.000000e+000,1.000000e+000
,32,DSSO_HCD_STEP_NCE_25_35_MS2_rej2_T1.16422.16422.3.2.dta,3,3617.630049,NECFLSHKDDSPDLPKLKPDPNTLCDEFK(16)(18),3617.623134,Carbamidomethyl[C](3);Carbamidomethyl[C](25),1.000000e+000,1.954403e-001,0.006915,1.911476,1.000000e+000,1.000000e+000
2,sp|P02769|ALBU_BOVIN (336)(340),2,13
,1,DSSO_HCD_STEP_NCE_25_35_MS2_rej2_T1.17047.17047.4.0.dta,4,4403.027650,SHCIAEVEKDAIPENLPPLTADFAEDKDVCKNYQEAK(27)(31),4403.015029,Carbamidomethyl[C](3);Carbamidomethyl[C](30),1.000000e+000,3.061116e-003,0.012621,2.866445,1.000000e+000,1.000000e+000
,2,DSSO_HCD_STEP_NCE_25_35_MS2_rej2_T1.16895.16895.3.0.dta,3,4403.024248,SHCIAEVEKDAIPENLPPLTADFAEDKDVCKNYQEAK(27)(31),4403.015029,Carbamidomethyl[C](3);Carbamidomethyl[C](30),1.000000e+000,5.572076e-003,0.009219,2.093793,1.000000e+000,1.000000e+000
,3,DSSO_HCD_STEP_NCE_25_35_MS2_rej2_T2.17210.17210.4.0.dta,4,4403.025431,SHCIAEVEKDAIPENLPPLTADFAEDKDVCKNYQEAK(27)(31),4403.015029,Carbamidomethyl[C](3);Carbamidomethyl[C](30),1.000000e+000,7.776438e-003,0.010402,2.362472,1.000000e+000,1.000000e+000
,4,DSSO_HCD_STEP_NCE_25_35_MS2_rej2_T1.17013.17013.4.0.dta,4,4403.028084,SHCIAEVEKDAIPENLPPLTADFAEDKDVCKNYQEAK(27)(31),4403.015029,Carbamidomethyl[C](3);Carbamidomethyl[C](30),1.000000e+000,7.827219e-003,0.013055,2.965014,1.000000e+000,1.000000e+000
,5,DSSO_HCD_STEP_NCE_25_35_MS2_rej2_T2.16912.16912.3.0.dta,3,4403.032095,SHCIAEVEKDAIPENLPPLTADFAEDKDVCKNYQEAK(27)(31),4403.015029,Carbamidomethyl[C](3);Carbamidomethyl[C](30),1.000000e+000,2.000059e-002,0.017066,3.875980,1.000000e+000,1.000000e+000
,6,DSSO_HCD_STEP_NCE_25_35_MS2_rej2_T1.17344.17344.4.1.dta,4,4403.018527,SHCIAEVEKDAIPENLPPLTADFAEDKDVCKNYQEAK(27)(31),4403.015029,Carbamidomethyl[C](3);Carbamidomethyl[C](30),1.000000e+000,2.371863e-002,0.003498,0.794456,1.000000e+000,1.000000e+000
,7,DSSO_HCD_STEP_NCE_25_35_MS2_rej2_T2.16877.16877.3.0.dta,3,4403.030391,SHCIAEVEKDAIPENLPPLTADFAEDKDVCKNYQEAK(27)(31),4403.015029,Carbamidomethyl[C](3);Carbamidomethyl[C](30),1.000000e+000,1.025985e-001,0.015362,3.488973,1.000000e+000,1.000000e+000
,8,DSSO_HCD_STEP_NCE_25_35_MS2_rej2_T1.18788.18788.3.0.dta,3,3349.529058,DAIPENLPPLTADFAEDKDVCKNYQEAK(18)(22),3349.523750,Carbamidomethyl[C](21),1.000000e+000,3.690553e-002,0.005308,1.584703,1.000000e+000,1.000000e+000
,9,DSSO_HCD_STEP_NCE_25_35_MS2_rej2_T1.18997.18997.3.0.dta,3,3349.528226,DAIPENLPPLTADFAEDKDVCKNYQEAK(18)(22),3349.523750,Carbamidomethyl[C](21),1.000000e+000,4.487206e-002,0.004476,1.336309,1.000000e+000,1.000000e+000
,10,DSSO_HCD_STEP_NCE_25_35_MS2_rej2_T2.18773.18773.3.0.dta,3,3349.530405,DAIPENLPPLTADFAEDKDVCKNYQEAK(18)(22),3349.523750,Carbamidomethyl[C](21),1.000000e+000,5.370847e-002,0.006655,1.986850,1.000000e+000,1.000000e+000
,11,DSSO_HCD_STEP_NCE_25_35_MS2_rej2_T2.18761.18761.3.0.dta,3,3349.530529,DAIPENLPPLTADFAEDKDVCKNYQEAK(18)(22),3349.523750,Carbamidomethyl[C](21),1.000000e+000,9.448524e-002,0.006779,2.023870,1.000000e+000,1.000000e+000
,12,DSSO_HCD_STEP_NCE_25_35_MS2_rej2_T2.18726.18726.3.0.dta,3,3349.530178,DAIPENLPPLTADFAEDKDVCKNYQEAK(18)(22),3349.523750,Carbamidomethyl[C](21),1.000000e+000,9.785045e-002,0.006428,1.919079,1.000000e+000,1.000000e+000
,13,DSSO_HCD_STEP_NCE_25_35_MS2_rej2_T1.19378.19378.3.0.dta,3,3349.541184,DAIPENLPPLTADFAEDKDVCKNYQEAK(18)(22),3349.523750,Carbamidomethyl[C](21),1.000000e+000,2.356010e-001,0.017434,5.204919,1.000000e+000,1.000000e+000
3,sp|P02769|ALBU_BOVIN (263)(266),2,29
,1,DSSO_HCD_STEP_NCE_25_35_MS2_rej2_T2.12602.12602.4.0.dta,4,3540.625688,LVTDLTKVHKECCHGDLLECADDRADLAK(7)(10),3540.622420,Carbamidomethyl[C](12);Carbamidomethyl[C](13);Carbamidomethyl[C](20),1.000000e+000,4.775831e-003,0.003268,0.923002,1.000000e+000,1.000000e+000
,2,DSSO_HCD_STEP_NCE_25_35_MS2_rej2_T2.12578.12578.4.2.dta,4,3540.627017,LVTDLTKVHKECCHGDLLECADDRADLAK(7)(10),3540.622420,Carbamidomethyl[C](12);Carbamidomethyl[C](13);Carbamidomethyl[C](20),1.000000e+000,6.554157e-003,0.004597,1.298359,1.000000e+000,1.000000e+000
,3,DSSO_HCD_STEP_NCE_25_35_MS2_rej2_T1.12305.12305.4.0.dta,4,3540.625567,LVTDLTKVHKECCHGDLLECADDRADLAK(7)(10),3540.622420,Carbamidomethyl[C](12);Carbamidomethyl[C](13);Carbamidomethyl[C](20),1.000000e+000,6.687667e-003,0.003147,0.888827,1.000000e+000,1.000000e+000
,4,DSSO_HCD_STEP_NCE_25_35_MS2_rej2_T1.12279.12279.4.0.dta,4,3540.627955,LVTDLTKVHKECCHGDLLECADDRADLAK(7)(10),3540.622420,Carbamidomethyl[C](12);Carbamidomethyl[C](13);Carbamidomethyl[C](20),1.000000e+000,9.238265e-003,0.005535,1.563284,1.000000e+000,1.000000e+000
,5,DSSO_HCD_STEP_NCE_25_35_MS2_rej2_T1.12306.12306.3.0.dta,3,3540.619088,LVTDLTKVHKECCHGDLLECADDRADLAK(7)(10),3540.622420,Carbamidomethyl[C](12);Carbamidomethyl[C](13);Carbamidomethyl[C](20),1.000000e+000,1.225065e-002,-0.003332,-0.941077,1.000000e+000,1.000000e+000
,6,DSSO_HCD_STEP_NCE_25_35_MS2_rej2_T1.12321.12321.3.0.dta,3,3540.618545,LVTDLTKVHKECCHGDLLECADDRADLAK(7)(10),3540.622420,Carbamidomethyl[C](12);Carbamidomethyl[C](13);Carbamidomethyl[C](20),1.000000e+000,1.360795e-002,-0.003875,-1.094440,1.000000e+000,1.000000e+000
,7,DSSO_HCD_STEP_NCE_25_35_MS2_rej2_T2.12608.12608.3.0.dta,3,3540.623898,LVTDLTKVHKECCHGDLLECADDRADLAK(7)(10),3540.622420,Carbamidomethyl[C](12);Carbamidomethyl[C](13);Carbamidomethyl[C](20),1.000000e+000,1.424039e-002,0.001478,0.417441,1.000000e+000,1.000000e+000
,8,DSSO_HCD_STEP_NCE_25_35_MS2_rej2_T2.12583.12583.3.0.dta,3,3540.617611,LVTDLTKVHKECCHGDLLECADDRADLAK(7)(10),3540.622420,Carbamidomethyl[C](12);Carbamidomethyl[C](13);Carbamidomethyl[C](20),1.000000e+000,1.456058e-002,-0.004809,-1.358236,1.000000e+000,1.000000e+000
,9,DSSO_HCD_STEP_NCE_25_35_MS2_rej2_T2.12618.12618.3.0.dta,3,3540.617976,LVTDLTKVHKECCHGDLLECADDRADLAK(7)(10),3540.622420,Carbamidomethyl[C](12);Carbamidomethyl[C](13);Carbamidomethyl[C](20),1.000000e+000,2.213915e-002,-0.004444,-1.255147,1.000000e+000,1.000000e+000
,10,DSSO_HCD_STEP_NCE_25_35_MS2_rej2_T2.12582.12582.4.1.dta,4,3540.626834,LVTDLTKVHKECCHGDLLECADDRADLAK(7)(10),3540.622420,Carbamidomethyl[C](12);Carbamidomethyl[C](13);Carbamidomethyl[C](20),1.000000e+000,2.392793e-002,0.004414,1.246673,1.000000e+000,1.000000e+000
,11,DSSO_HCD_STEP_NCE_25_35_MS2_rej2_T1.12310.12310.3.0.dta,3,3540.618545,LVTDLTKVHKECCHGDLLECADDRADLAK(7)(10),3540.622420,Carbamidomethyl[C](12);Carbamidomethyl[C](13);Carbamidomethyl[C](20),1.000000e+000,2.904736e-002,-0.003875,-1.094440,1.000000e+000,1.000000e+000
,12,DSSO_HCD_STEP_NCE_25_35_MS2_rej2_T1.12367.12367.5.0.dta,5,3540.622099,LVTDLTKVHKECCHGDLLECADDRADLAK(7)(10),3540.622420,Carbamidomethyl[C](12);Carbamidomethyl[C](13);Carbamidomethyl[C](20),1.000000e+000,3.406388e-002,-0.000321,-0.090662,1.000000e+000,1.000000e+000
,13,DSSO_HCD_STEP_NCE_25_35_MS2_rej2_T1.12346.12346.3.3.dta,3,3540.623834,LVTDLTKVHKECCHGDLLECADDRADLAK(7)(10),3540.622420,Carbamidomethyl[C](12);Carbamidomethyl[C](13);Carbamidomethyl[C](20),1.000000e+000,3.920714e-002,0.001414,0.399365,1.000000e+000,1.000000e+000
,14,DSSO_HCD_STEP_NCE_25_35_MS2_rej2_T1.12317.12317.3.0.dta,3,3540.618545,LVTDLTKVHKECCHGDLLECADDRADLAK(7)(10),3540.622420,Carbamidomethyl[C](12);Carbamidomethyl[C](13);Carbamidomethyl[C](20),1.000000e+000,4.086962e-002,-0.003875,-1.094440,1.000000e+000,1.000000e+000
,15,DSSO_HCD_STEP_NCE_25_35_MS2_rej2_T1.12328.12328.5.0.dta,5,3540.623233,LVTDLTKVHKECCHGDLLECADDRADLAK(7)(10),3540.622420,Carbamidomethyl[C](12);Carbamidomethyl[C](13);Carbamidomethyl[C](20),1.000000e+000,4.719331e-002,0.000813,0.229621,1.000000e+000,1.000000e+000
,16,DSSO_HCD_STEP_NCE_25_35_MS2_rej2_T1.12371.12371.5.0.dta,5,3540.622743,LVTDLTKVHKECCHGDLLECADDRADLAK(7)(10),3540.622420,Carbamidomethyl[C](12);Carbamidomethyl[C](13);Carbamidomethyl[C](20),1.000000e+000,5.759171e-002,0.000323,0.091227,1.000000e+000,1.000000e+000
,17,DSSO_HCD_STEP_NCE_25_35_MS2_rej2_T2.12576.12576.3.0.dta,3,3540.615092,LVTDLTKVHKECCHGDLLECADDRADLAK(7)(10),3540.622420,Carbamidomethyl[C](12);Carbamidomethyl[C](13);Carbamidomethyl[C](20),1.000000e+000,5.931088e-002,-0.007328,-2.069693,1.000000e+000,1.000000e+000
,18,DSSO_HCD_STEP_NCE_25_35_MS2_rej2_T2.12622.12622.5.0.dta,5,3540.629150,LVTDLTKVHKECCHGDLLECADDRADLAK(7)(10),3540.622420,Carbamidomethyl[C](12);Carbamidomethyl[C](13);Carbamidomethyl[C](20),1.000000e+000,9.395866e-002,0.006730,1.900796,1.000000e+000,1.000000e+000
,19,DSSO_HCD_STEP_NCE_25_35_MS2_rej2_T2.12596.12596.5.0.dta,5,3540.630476,LVTDLTKVHKECCHGDLLECADDRADLAK(7)(10),3540.622420,Carbamidomethyl[C](12);Carbamidomethyl[C](13);Carbamidomethyl[C](20),1.000000e+000,1.119118e-001,0.008056,2.275306,1.000000e+000,1.000000e+000
,20,DSSO_HCD_STEP_NCE_25_35_MS2_rej2_T1.12302.12302.5.0.dta,5,3540.626881,LVTDLTKVHKECCHGDLLECADDRADLAK(7)(10),3540.622420,Carbamidomethyl[C](12);Carbamidomethyl[C](13);Carbamidomethyl[C](20),1.000000e+000,1.140271e-001,0.004461,1.259948,1.000000e+000,1.000000e+000
,21,DSSO_HCD_STEP_NCE_25_35_MS2_rej2_T1.12294.12294.5.0.dta,5,3540.628988,LVTDLTKVHKECCHGDLLECADDRADLAK(7)(10),3540.622420,Carbamidomethyl[C](12);Carbamidomethyl[C](13);Carbamidomethyl[C](20),1.000000e+000,1.384266e-001,0.006568,1.855041,1.000000e+000,1.000000e+000
,22,DSSO_HCD_STEP_NCE_25_35_MS2_rej2_T2.12790.12790.5.1.dta,5,3540.624855,LVTDLTKVHKECCHGDLLECADDRADLAK(7)(10),3540.622420,Carbamidomethyl[C](12);Carbamidomethyl[C](13);Carbamidomethyl[C](20),1.000000e+000,2.272403e-001,0.002435,0.687732,1.000000e+000,1.000000e+000
,23,DSSO_HCD_STEP_NCE_25_35_MS2_rej2_T2.12243.12243.3.0.dta,3,3042.347828,LVTDLTKVHKECCHGDLLECADDR(7)(10),3042.342248,Carbamidomethyl[C](12);Carbamidomethyl[C](13);Carbamidomethyl[C](20),1.000000e+000,6.376937e-003,0.005580,1.834113,1.000000e+000,1.000000e+000
,24,DSSO_HCD_STEP_NCE_25_35_MS2_rej2_T2.12229.12229.3.0.dta,3,3042.346169,LVTDLTKVHKECCHGDLLECADDR(7)(10),3042.342248,Carbamidomethyl[C](12);Carbamidomethyl[C](13);Carbamidomethyl[C](20),1.000000e+000,6.790075e-003,0.003921,1.288810,1.000000e+000,1.000000e+000
,25,DSSO_HCD_STEP_NCE_25_35_MS2_rej2_T1.11946.11946.4.0.dta,4,3042.321884,LVTDLTKVHKECCHGDLLECADDR(7)(10),3042.342248,Carbamidomethyl[C](12);Carbamidomethyl[C](13);Carbamidomethyl[C](20),1.000000e+000,2.629653e-002,-0.020364,-6.693527,1.000000e+000,1.000000e+000
,26,DSSO_HCD_STEP_NCE_25_35_MS2_rej2_T1.11932.11932.3.0.dta,3,3042.348194,LVTDLTKVHKECCHGDLLECADDR(7)(10),3042.342248,Carbamidomethyl[C](12);Carbamidomethyl[C](13);Carbamidomethyl[C](20),1.000000e+000,9.087729e-002,0.005946,1.954415,1.000000e+000,1.000000e+000
,27,DSSO_HCD_STEP_NCE_25_35_MS2_rej2_T1.12226.12226.3.0.dta,3,3042.347125,LVTDLTKVHKECCHGDLLECADDR(7)(10),3042.342248,Carbamidomethyl[C](12);Carbamidomethyl[C](13);Carbamidomethyl[C](20),1.000000e+000,1.092018e-001,0.004877,1.603041,1.000000e+000,1.000000e+000
,28,DSSO_HCD_STEP_NCE_25_35_MS2_rej2_T2.12236.12236.4.0.dta,4,3042.323088,LVTDLTKVHKECCHGDLLECADDR(7)(10),3042.342248,Carbamidomethyl[C](12);Carbamidomethyl[C](13);Carbamidomethyl[C](20),1.000000e+000,2.224977e-001,-0.019160,-6.297779,1.000000e+000,1.000000e+000
,29,DSSO_HCD_STEP_NCE_25_35_MS2_rej2_T2.12483.12483.4.1.dta,4,3042.334337,LVTDLTKVHKECCHGDLLECADDR(7)(10),3042.342248,Carbamidomethyl[C](12);Carbamidomethyl[C](13);Carbamidomethyl[C](20),1.000000e+000,3.714181e-001,-0.007911,-2.600299,1.000000e+000,1.000000e+000
4,sp|P02769|ALBU_BOVIN (399)(401),2,38
,1,DSSO_HCD_STEP_NCE_25_35_MS2_rej2_T2.21072.21072.3.0.dta,3,3240.538360,DDPHACYSTVFDKLKHLVDEPQNLIK(13)(15),3240.533864,Carbamidomethyl[C](6),1.000000e+000,5.029863e-003,0.004496,1.387426,1.000000e+000,1.000000e+000
,2,DSSO_HCD_STEP_NCE_25_35_MS2_rej2_T1.20491.20491.3.0.dta,3,3240.539661,DDPHACYSTVFDKLKHLVDEPQNLIK(13)(15),3240.533864,Carbamidomethyl[C](6),1.000000e+000,6.422147e-003,0.005797,1.788903,1.000000e+000,1.000000e+000
,3,DSSO_HCD_STEP_NCE_25_35_MS2_rej2_T2.21048.21048.4.0.dta,4,3240.541310,DDPHACYSTVFDKLKHLVDEPQNLIK(13)(15),3240.533864,Carbamidomethyl[C](6),1.000000e+000,8.575870e-003,0.007446,2.297770,1.000000e+000,1.000000e+000
,4,DSSO_HCD_STEP_NCE_25_35_MS2_rej2_T2.20505.20505.3.0.dta,3,3240.540388,DDPHACYSTVFDKLKHLVDEPQNLIK(13)(15),3240.533864,Carbamidomethyl[C](6),1.000000e+000,9.483341e-003,0.006524,2.013249,1.000000e+000,1.000000e+000
,5,DSSO_HCD_STEP_NCE_25_35_MS2_rej2_T1.20989.20989.3.0.dta,3,3240.539857,DDPHACYSTVFDKLKHLVDEPQNLIK(13)(15),3240.533864,Carbamidomethyl[C](6),1.000000e+000,1.019521e-002,0.005993,1.849387,1.000000e+000,1.000000e+000
,6,DSSO_HCD_STEP_NCE_25_35_MS2_rej2_T1.21671.21671.3.0.dta,3,3240.534049,DDPHACYSTVFDKLKHLVDEPQNLIK(13)(15),3240.533864,Carbamidomethyl[C](6),1.000000e+000,1.043789e-002,0.000185,0.057089,1.000000e+000,1.000000e+000
,7,DSSO_HCD_STEP_NCE_25_35_MS2_rej2_T1.20549.20549.3.0.dta,3,3240.539840,DDPHACYSTVFDKLKHLVDEPQNLIK(13)(15),3240.533864,Carbamidomethyl[C](6),1.000000e+000,1.204330e-002,0.005976,1.844141,1.000000e+000,1.000000e+000
,8,DSSO_HCD_STEP_NCE_25_35_MS2_rej2_T1.21827.21827.3.0.dta,3,3240.530331,DDPHACYSTVFDKLKHLVDEPQNLIK(13)(15),3240.533864,Carbamidomethyl[C](6),1.000000e+000,1.369763e-002,-0.003533,-1.090252,1.000000e+000,1.000000e+000
,9,DSSO_HCD_STEP_NCE_25_35_MS2_rej2_T2.20488.20488.4.0.dta,4,3240.541830,DDPHACYSTVFDKLKHLVDEPQNLIK(13)(15),3240.533864,Carbamidomethyl[C](6),1.000000e+000,1.559281e-002,0.007966,2.458237,1.000000e+000,1.000000e+000
,10,DSSO_HCD_STEP_NCE_25_35_MS2_rej2_T1.20608.20608.3.0.dta,3,3240.539734,DDPHACYSTVFDKLKHLVDEPQNLIK(13)(15),3240.533864,Carbamidomethyl[C](6),1.000000e+000,1.724276e-002,0.005870,1.811430,1.000000e+000,1.000000e+000
,11,DSSO_HCD_STEP_NCE_25_35_MS2_rej2_T1.20492.20492.4.0.dta,4,3240.542881,DDPHACYSTVFDKLKHLVDEPQNLIK(13)(15),3240.533864,Carbamidomethyl[C](6),1.000000e+000,2.087514e-002,0.009017,2.782566,1.000000e+000,1.000000e+000
,12,DSSO_HCD_STEP_NCE_25_35_MS2_rej2_T1.22533.22533.3.1.dta,3,3240.528487,DDPHACYSTVFDKLKHLVDEPQNLIK(13)(15),3240.533864,Carbamidomethyl[C](6),1.000000e+000,2.171920e-002,-0.005377,-1.659294,1.000000e+000,1.000000e+000
,13,DSSO_HCD_STEP_NCE_25_35_MS2_rej2_T1.20990.20990.4.0.dta,4,3240.542000,DDPHACYSTVFDKLKHLVDEPQNLIK(13)(15),3240.533864,Carbamidomethyl[C](6),1.000000e+000,2.319297e-002,0.008136,2.510697,1.000000e+000,1.000000e+000
,14,DSSO_HCD_STEP_NCE_25_35_MS2_rej2_T1.22492.22492.3.1.dta,3,3240.532551,DDPHACYSTVFDKLKHLVDEPQNLIK(13)(15),3240.533864,Carbamidomethyl[C](6),1.000000e+000,2.411172e-002,-0.001313,-0.405180,1.000000e+000,1.000000e+000
,15,DSSO_HCD_STEP_NCE_25_35_MS2_rej2_T1.21684.21684.4.0.dta,4,3240.536414,DDPHACYSTVFDKLKHLVDEPQNLIK(13)(15),3240.533864,Carbamidomethyl[C](6),1.000000e+000,2.513788e-002,0.002550,0.786907,1.000000e+000,1.000000e+000
,16,DSSO_HCD_STEP_NCE_25_35_MS2_rej2_T1.21300.21300.3.0.dta,3,3240.539424,DDPHACYSTVFDKLKHLVDEPQNLIK(13)(15),3240.533864,Carbamidomethyl[C](6),1.000000e+000,2.908377e-002,0.005560,1.715767,1.000000e+000,1.000000e+000
,17,DSSO_HCD_STEP_NCE_25_35_MS2_rej2_T1.21493.21493.3.0.dta,3,3240.539601,DDPHACYSTVFDKLKHLVDEPQNLIK(13)(15),3240.533864,Carbamidomethyl[C](6),1.000000e+000,2.979577e-002,0.005737,1.770387,1.000000e+000,1.000000e+000
,18,DSSO_HCD_STEP_NCE_25_35_MS2_rej2_T1.22579.22579.3.0.dta,3,3240.528149,DDPHACYSTVFDKLKHLVDEPQNLIK(13)(15),3240.533864,Carbamidomethyl[C](6),1.000000e+000,3.031584e-002,-0.005715,-1.763598,1.000000e+000,1.000000e+000
,19,DSSO_HCD_STEP_NCE_25_35_MS2_rej2_T2.21697.21697.3.0.dta,3,3240.528169,DDPHACYSTVFDKLKHLVDEPQNLIK(13)(15),3240.533864,Carbamidomethyl[C](6),1.000000e+000,4.466380e-002,-0.005695,-1.757426,1.000000e+000,1.000000e+000
,20,DSSO_HCD_STEP_NCE_25_35_MS2_rej2_T2.21996.21996.3.0.dta,3,3240.523350,DDPHACYSTVFDKLKHLVDEPQNLIK(13)(15),3240.533864,Carbamidomethyl[C](6),1.000000e+000,5.143507e-002,-0.010514,-3.244527,1.000000e+000,1.000000e+000
,21,DSSO_HCD_STEP_NCE_25_35_MS2_rej2_T1.20986.20986.3.0.dta,3,3240.539934,DDPHACYSTVFDKLKHLVDEPQNLIK(13)(15),3240.533864,Carbamidomethyl[C](6),1.000000e+000,5.192073e-002,0.006070,1.873148,1.000000e+000,1.000000e+000
,22,DSSO_HCD_STEP_NCE_25_35_MS2_rej2_T2.22253.22253.3.1.dta,3,3240.527051,DDPHACYSTVFDKLKHLVDEPQNLIK(13)(15),3240.533864,Carbamidomethyl[C](6),1.000000e+000,9.803333e-002,-0.006813,-2.102431,1.000000e+000,1.000000e+000
,23,DSSO_HCD_STEP_NCE_25_35_MS2_rej2_T2.21649.21649.4.0.dta,4,3240.540960,DDPHACYSTVFDKLKHLVDEPQNLIK(13)(15),3240.533864,Carbamidomethyl[C](6),1.000000e+000,1.137254e-001,0.007096,2.189763,1.000000e+000,1.000000e+000
,24,DSSO_HCD_STEP_NCE_25_35_MS2_rej2_T2.21213.21213.3.0.dta,3,3240.539063,DDPHACYSTVFDKLKHLVDEPQNLIK(13)(15),3240.533864,Carbamidomethyl[C](6),1.000000e+000,1.156249e-001,0.005199,1.604365,1.000000e+000,1.000000e+000
,25,DSSO_HCD_STEP_NCE_25_35_MS2_rej2_T2.21620.21620.4.0.dta,4,3240.543700,DDPHACYSTVFDKLKHLVDEPQNLIK(13)(15),3240.533864,Carbamidomethyl[C](6),1.000000e+000,1.910812e-001,0.009836,3.035302,1.000000e+000,1.000000e+000
,26,DSSO_HCD_STEP_NCE_25_35_MS2_rej2_T2.21902.21902.3.0.dta,3,3240.524734,DDPHACYSTVFDKLKHLVDEPQNLIK(13)(15),3240.533864,Carbamidomethyl[C](6),1.000000e+000,2.055109e-001,-0.009130,-2.817437,1.000000e+000,1.000000e+000
,27,DSSO_HCD_STEP_NCE_25_35_MS2_rej2_T1.19202.19202.4.0.dta,4,4724.130711,EYEATLEECCAKDDPHACYSTVFDKLKHLVDEPQNLIK(25)(27),4724.129729,Carbamidomethyl[C](9);Carbamidomethyl[C](10);Carbamidomethyl[C](18),1.000000e+000,1.030783e-002,0.000982,0.207869,1.000000e+000,1.000000e+000
,28,DSSO_HCD_STEP_NCE_25_35_MS2_rej2_T2.19574.19574.4.0.dta,4,4724.135224,EYEATLEECCAKDDPHACYSTVFDKLKHLVDEPQNLIK(25)(27),4724.129729,Carbamidomethyl[C](9);Carbamidomethyl[C](10);Carbamidomethyl[C](18),1.000000e+000,1.751788e-002,0.005495,1.163177,1.000000e+000,1.000000e+000
,29,DSSO_HCD_STEP_NCE_25_35_MS2_rej2_T1.19257.19257.4.0.dta,4,4724.132726,EYEATLEECCAKDDPHACYSTVFDKLKHLVDEPQNLIK(25)(27),4724.129729,Carbamidomethyl[C](9);Carbamidomethyl[C](10);Carbamidomethyl[C](18),1.000000e+000,1.816226e-002,0.002997,0.634403,1.000000e+000,1.000000e+000
,30,DSSO_HCD_STEP_NCE_25_35_MS2_rej2_T2.19224.19224.4.1.dta,4,4724.136101,EYEATLEECCAKDDPHACYSTVFDKLKHLVDEPQNLIK(25)(27),4724.129729,Carbamidomethyl[C](9);Carbamidomethyl[C](10);Carbamidomethyl[C](18),1.000000e+000,1.959022e-002,0.006372,1.348820,1.000000e+000,1.000000e+000
,31,DSSO_HCD_STEP_NCE_25_35_MS2_rej2_T1.19415.19415.4.0.dta,4,4724.128917,EYEATLEECCAKDDPHACYSTVFDKLKHLVDEPQNLIK(25)(27),4724.129729,Carbamidomethyl[C](9);Carbamidomethyl[C](10);Carbamidomethyl[C](18),1.000000e+000,2.158110e-002,-0.000812,-0.171884,1.000000e+000,1.000000e+000
,32,DSSO_HCD_STEP_NCE_25_35_MS2_rej2_T1.19258.19258.5.1.dta,5,4724.137844,EYEATLEECCAKDDPHACYSTVFDKLKHLVDEPQNLIK(25)(27),4724.129729,Carbamidomethyl[C](9);Carbamidomethyl[C](10);Carbamidomethyl[C](18),1.000000e+000,2.467356e-002,0.008115,1.717777,1.000000e+000,1.000000e+000
,33,DSSO_HCD_STEP_NCE_25_35_MS2_rej2_T2.19186.19186.5.0.dta,5,4724.135282,EYEATLEECCAKDDPHACYSTVFDKLKHLVDEPQNLIK(25)(27),4724.129729,Carbamidomethyl[C](9);Carbamidomethyl[C](10);Carbamidomethyl[C](18),1.000000e+000,2.676944e-002,0.005553,1.175455,1.000000e+000,1.000000e+000
,34,DSSO_HCD_STEP_NCE_25_35_MS2_rej2_T2.19227.19227.5.0.dta,5,4724.137746,EYEATLEECCAKDDPHACYSTVFDKLKHLVDEPQNLIK(25)(27),4724.129729,Carbamidomethyl[C](9);Carbamidomethyl[C](10);Carbamidomethyl[C](18),1.000000e+000,3.004248e-002,0.008017,1.697032,1.000000e+000,1.000000e+000
,35,DSSO_HCD_STEP_NCE_25_35_MS2_rej2_T1.19534.19534.4.0.dta,4,4724.127289,EYEATLEECCAKDDPHACYSTVFDKLKHLVDEPQNLIK(25)(27),4724.129729,Carbamidomethyl[C](9);Carbamidomethyl[C](10);Carbamidomethyl[C](18),1.000000e+000,3.460197e-002,-0.002440,-0.516497,1.000000e+000,1.000000e+000
,36,DSSO_HCD_STEP_NCE_25_35_MS2_rej2_T2.19148.19148.5.0.dta,5,4724.135356,EYEATLEECCAKDDPHACYSTVFDKLKHLVDEPQNLIK(25)(27),4724.129729,Carbamidomethyl[C](9);Carbamidomethyl[C](10);Carbamidomethyl[C](18),1.000000e+000,3.735996e-002,0.005627,1.191119,1.000000e+000,1.000000e+000
,37,DSSO_HCD_STEP_NCE_25_35_MS2_rej2_T1.19204.19204.5.0.dta,5,4724.137029,EYEATLEECCAKDDPHACYSTVFDKLKHLVDEPQNLIK(25)(27),4724.129729,Carbamidomethyl[C](9);Carbamidomethyl[C](10);Carbamidomethyl[C](18),1.000000e+000,4.682550e-002,0.007300,1.545258,1.000000e+000,1.000000e+000
,38,DSSO_HCD_STEP_NCE_25_35_MS2_rej2_T2.19343.19343.4.0.dta,4,4724.147987,EYEATLEECCAKDDPHACYSTVFDKLKHLVDEPQNLIK(25)(27),4724.129729,Carbamidomethyl[C](9);Carbamidomethyl[C](10);Carbamidomethyl[C](18),1.000000e+000,1.244640e-001,0.018258,3.864839,1.000000e+000,1.000000e+000
5,sp|P02769|ALBU_BOVIN (183)(197),2,11
,1,DSSO_HCD_STEP_NCE_25_35_MS2_rej2_T1.21109.21109.4.2.dta,4,4671.129871,RHPYFYAPELLYYANKYNGVFQECCQAEDKGACLLPK(16)(30),4671.123803,Carbamidomethyl[C](24);Carbamidomethyl[C](25);Carbamidomethyl[C](33),1.000000e+000,6.410544e-003,0.006068,1.299045,1.000000e+000,1.000000e+000
,2,DSSO_HCD_STEP_NCE_25_35_MS2_rej2_T1.21090.21090.4.3.dta,4,4671.134569,RHPYFYAPELLYYANKYNGVFQECCQAEDKGACLLPK(16)(30),4671.123803,Carbamidomethyl[C](24);Carbamidomethyl[C](25);Carbamidomethyl[C](33),1.000000e+000,8.679706e-003,0.010766,2.304799,1.000000e+000,1.000000e+000
,3,DSSO_HCD_STEP_NCE_25_35_MS2_rej2_T2.21236.21236.4.2.dta,4,4671.114014,RHPYFYAPELLYYANKYNGVFQECCQAEDKGACLLPK(16)(30),4671.123803,Carbamidomethyl[C](24);Carbamidomethyl[C](25);Carbamidomethyl[C](33),1.000000e+000,6.579267e-002,-0.009789,-2.095641,1.000000e+000,1.000000e+000
,4,DSSO_HCD_STEP_NCE_25_35_MS2_rej2_T1.23004.23004.5.0.dta,5,5145.339934,HPYFYAPELLYYANKYNGVFQECCQAEDKGACLLPKIETMR(15)(29),5145.338601,Carbamidomethyl[C](23);Carbamidomethyl[C](24);Carbamidomethyl[C](32),1.000000e+000,1.812877e-002,0.001333,0.259069,1.000000e+000,1.000000e+000
,5,DSSO_HCD_STEP_NCE_25_35_MS2_rej2_T1.23528.23528.4.2.dta,4,5145.336476,HPYFYAPELLYYANKYNGVFQECCQAEDKGACLLPKIETMR(15)(29),5145.338601,Carbamidomethyl[C](23);Carbamidomethyl[C](24);Carbamidomethyl[C](32),1.000000e+000,2.212183e-002,-0.002125,-0.412995,1.000000e+000,1.000000e+000
,6,DSSO_HCD_STEP_NCE_25_35_MS2_rej2_T1.23460.23460.4.3.dta,4,5145.338134,HPYFYAPELLYYANKYNGVFQECCQAEDKGACLLPKIETMR(15)(29),5145.338601,Carbamidomethyl[C](23);Carbamidomethyl[C](24);Carbamidomethyl[C](32),1.000000e+000,3.009906e-002,-0.000467,-0.090762,1.000000e+000,1.000000e+000
,7,DSSO_HCD_STEP_NCE_25_35_MS2_rej2_T1.23123.23123.4.0.dta,4,5145.360473,HPYFYAPELLYYANKYNGVFQECCQAEDKGACLLPKIETMR(15)(29),5145.338601,Carbamidomethyl[C](23);Carbamidomethyl[C](24);Carbamidomethyl[C](32),1.000000e+000,3.924445e-002,0.021872,4.250838,1.000000e+000,1.000000e+000
,8,DSSO_HCD_STEP_NCE_25_35_MS2_rej2_T2.22252.22252.4.3.dta,4,5161.334873,HPYFYAPELLYYANKYNGVFQECCQAEDKGACLLPKIETMR(15)(29),5161.333515,Carbamidomethyl[C](23);Carbamidomethyl[C](24);Carbamidomethyl[C](32);Oxidation[M](40),1.000000e+000,5.022892e-002,0.001358,0.263110,1.000000e+000,1.000000e+000
,9,DSSO_HCD_STEP_NCE_25_35_MS2_rej2_T2.23186.23186.4.0.dta,4,5145.357636,HPYFYAPELLYYANKYNGVFQECCQAEDKGACLLPKIETMR(15)(29),5145.338601,Carbamidomethyl[C](23);Carbamidomethyl[C](24);Carbamidomethyl[C](32),1.000000e+000,6.310744e-002,0.019035,3.699465,1.000000e+000,1.000000e+000
,10,DSSO_HCD_STEP_NCE_25_35_MS2_rej2_T1.22903.22903.4.0.dta,4,5145.356848,HPYFYAPELLYYANKYNGVFQECCQAEDKGACLLPKIETMR(15)(29),5145.338601,Carbamidomethyl[C](23);Carbamidomethyl[C](24);Carbamidomethyl[C](32),1.000000e+000,1.270741e-001,0.018247,3.546317,1.000000e+000,1.000000e+000
,11,DSSO_HCD_STEP_NCE_25_35_MS2_rej2_T2.23664.23664.4.1.dta,4,5145.360424,HPYFYAPELLYYANKYNGVFQECCQAEDKGACLLPKIETMR(15)(29),5145.338601,Carbamidomethyl[C](23);Carbamidomethyl[C](24);Carbamidomethyl[C](32),1.000000e+000,2.254559e-001,0.021823,4.241315,1.000000e+000,1.000000e+000
6,sp|P02769|ALBU_BOVIN (197)(204),2,2
,1,DSSO_HCD_STEP_NCE_25_35_MS2_rej2_T1.22967.22967.4.0.dta,4,5145.360571,HPYFYAPELLYYANKYNGVFQECCQAEDKGACLLPKIETMR(29)(36),5145.338601,Carbamidomethyl[C](23);Carbamidomethyl[C](24);Carbamidomethyl[C](32),1.000000e+000,1.240982e-002,0.021970,4.269884,1.000000e+000,1.000000e+000
,2,DSSO_HCD_STEP_NCE_25_35_MS2_rej2_T1.15221.15221.4.2.dta,4,3532.594411,YNGVFQECCQAEDKGACLLPKIETMREK(14)(21),3532.567217,Carbamidomethyl[C](8);Carbamidomethyl[C](9);Carbamidomethyl[C](17),1.000000e+000,6.200383e-001,0.027194,7.698084,1.000000e+000,1.000000e+000
7,sp|P02769|ALBU_BOVIN (495)(498),2,32
,1,DSSO_HCD_STEP_NCE_25_35_MS2_rej2_T1.12080.12080.3.0.dta,3,2266.053911,TPVSEKVTKCCTESLVNR(6)(9),2266.051108,Carbamidomethyl[C](10);Carbamidomethyl[C](11),1.000000e+000,1.299860e-002,0.002803,1.236954,1.000000e+000,1.000000e+000
,2,DSSO_HCD_STEP_NCE_25_35_MS2_rej2_T2.12559.12559.3.0.dta,3,2266.052558,TPVSEKVTKCCTESLVNR(6)(9),2266.051108,Carbamidomethyl[C](10);Carbamidomethyl[C](11),1.000000e+000,1.308096e-002,0.001450,0.639880,1.000000e+000,1.000000e+000
,3,DSSO_HCD_STEP_NCE_25_35_MS2_rej2_T2.11782.11782.3.0.dta,3,2266.054165,TPVSEKVTKCCTESLVNR(6)(9),2266.051108,Carbamidomethyl[C](10);Carbamidomethyl[C](11),1.000000e+000,1.427750e-002,0.003057,1.349043,1.000000e+000,1.000000e+000
,4,DSSO_HCD_STEP_NCE_25_35_MS2_rej2_T1.11436.11436.3.0.dta,3,2266.053714,TPVSEKVTKCCTESLVNR(6)(9),2266.051108,Carbamidomethyl[C](10);Carbamidomethyl[C](11),1.000000e+000,2.076140e-002,0.002606,1.150018,1.000000e+000,1.000000e+000
,5,DSSO_HCD_STEP_NCE_25_35_MS2_rej2_T2.12250.12250.3.0.dta,3,2266.053434,TPVSEKVTKCCTESLVNR(6)(9),2266.051108,Carbamidomethyl[C](10);Carbamidomethyl[C](11),1.000000e+000,2.088864e-002,0.002326,1.026455,1.000000e+000,1.000000e+000
,6,DSSO_HCD_STEP_NCE_25_35_MS2_rej2_T1.11586.11586.3.0.dta,3,2266.058278,TPVSEKVTKCCTESLVNR(6)(9),2266.051108,Carbamidomethyl[C](10);Carbamidomethyl[C](11),1.000000e+000,2.249325e-002,0.007170,3.164095,1.000000e+000,1.000000e+000
,7,DSSO_HCD_STEP_NCE_25_35_MS2_rej2_T2.12077.12077.3.0.dta,3,2266.054746,TPVSEKVTKCCTESLVNR(6)(9),2266.051108,Carbamidomethyl[C](10);Carbamidomethyl[C](11),1.000000e+000,2.814984e-002,0.003638,1.605436,1.000000e+000,1.000000e+000
,8,DSSO_HCD_STEP_NCE_25_35_MS2_rej2_T2.12311.12311.3.0.dta,3,2266.053480,TPVSEKVTKCCTESLVNR(6)(9),2266.051108,Carbamidomethyl[C](10);Carbamidomethyl[C](11),1.000000e+000,2.909535e-002,0.002372,1.046755,1.000000e+000,1.000000e+000
,9,DSSO_HCD_STEP_NCE_25_35_MS2_rej2_T1.11886.11886.3.0.dta,3,2266.053702,TPVSEKVTKCCTESLVNR(6)(9),2266.051108,Carbamidomethyl[C](10);Carbamidomethyl[C](11),1.000000e+000,3.034290e-002,0.002594,1.144723,1.000000e+000,1.000000e+000
,10,DSSO_HCD_STEP_NCE_25_35_MS2_rej2_T1.11717.11717.3.0.dta,3,2266.054652,TPVSEKVTKCCTESLVNR(6)(9),2266.051108,Carbamidomethyl[C](10);Carbamidomethyl[C](11),1.000000e+000,3.074471e-002,0.003544,1.563954,1.000000e+000,1.000000e+000
,11,DSSO_HCD_STEP_NCE_25_35_MS2_rej2_T2.11738.11738.3.0.dta,3,2266.053538,TPVSEKVTKCCTESLVNR(6)(9),2266.051108,Carbamidomethyl[C](10);Carbamidomethyl[C](11),1.000000e+000,3.381535e-002,0.002430,1.072350,1.000000e+000,1.000000e+000
,12,DSSO_HCD_STEP_NCE_25_35_MS2_rej2_T1.11699.11699.3.0.dta,3,2266.055287,TPVSEKVTKCCTESLVNR(6)(9),2266.051108,Carbamidomethyl[C](10);Carbamidomethyl[C](11),1.000000e+000,3.501622e-002,0.004179,1.844177,1.000000e+000,1.000000e+000
,13,DSSO_HCD_STEP_NCE_25_35_MS2_rej2_T2.12025.12025.3.0.dta,3,2266.054338,TPVSEKVTKCCTESLVNR(6)(9),2266.051108,Carbamidomethyl[C](10);Carbamidomethyl[C](11),1.000000e+000,3.905486e-002,0.003230,1.425387,1.000000e+000,1.000000e+000
,14,DSSO_HCD_STEP_NCE_25_35_MS2_rej2_T2.12129.12129.3.0.dta,3,2266.055111,TPVSEKVTKCCTESLVNR(6)(9),2266.051108,Carbamidomethyl[C](10);Carbamidomethyl[C](11),1.000000e+000,4.134856e-002,0.004003,1.766509,1.000000e+000,1.000000e+000
,15,DSSO_HCD_STEP_NCE_25_35_MS2_rej2_T1.14534.14534.3.0.dta,3,2266.049806,TPVSEKVTKCCTESLVNR(6)(9),2266.051108,Carbamidomethyl[C](10);Carbamidomethyl[C](11),1.000000e+000,6.538817e-002,-0.001302,-0.574568,1.000000e+000,1.000000e+000
,16,DSSO_HCD_STEP_NCE_25_35_MS2_rej2_T1.11113.11113.3.1.dta,3,2266.048228,TPVSEKVTKCCTESLVNR(6)(9),2266.051108,Carbamidomethyl[C](10);Carbamidomethyl[C](11),1.000000e+000,7.932016e-002,-0.002880,-1.270933,1.000000e+000,1.000000e+000
,17,DSSO_HCD_STEP_NCE_25_35_MS2_rej2_T2.13502.13502.3.1.dta,3,2266.055659,TPVSEKVTKCCTESLVNR(6)(9),2266.051108,Carbamidomethyl[C](10);Carbamidomethyl[C](11),1.000000e+000,8.198255e-002,0.004551,2.008340,1.000000e+000,1.000000e+000
,18,DSSO_HCD_STEP_NCE_25_35_MS2_rej2_T1.14163.14163.3.2.dta,3,2266.052793,TPVSEKVTKCCTESLVNR(6)(9),2266.051108,Carbamidomethyl[C](10);Carbamidomethyl[C](11),1.000000e+000,1.184344e-001,0.001685,0.743584,1.000000e+000,1.000000e+000
,19,DSSO_HCD_STEP_NCE_25_35_MS2_rej2_T2.13796.13796.3.1.dta,3,2266.051719,TPVSEKVTKCCTESLVNR(6)(9),2266.051108,Carbamidomethyl[C](10);Carbamidomethyl[C](11),1.000000e+000,1.307550e-001,0.000611,0.269632,1.000000e+000,1.000000e+000
,20,DSSO_HCD_STEP_NCE_25_35_MS2_rej2_T1.12762.12762.3.1.dta,3,2266.056403,TPVSEKVTKCCTESLVNR(6)(9),2266.051108,Carbamidomethyl[C](10);Carbamidomethyl[C](11),1.000000e+000,1.361643e-001,0.005295,2.336664,1.000000e+000,1.000000e+000
,21,DSSO_HCD_STEP_NCE_25_35_MS2_rej2_T1.12591.12591.3.1.dta,3,2266.055125,TPVSEKVTKCCTESLVNR(6)(9),2266.051108,Carbamidomethyl[C](10);Carbamidomethyl[C](11),1.000000e+000,1.556812e-001,0.004017,1.772687,1.000000e+000,1.000000e+000
,22,DSSO_HCD_STEP_NCE_25_35_MS2_rej2_T2.13747.13747.3.1.dta,3,2266.051972,TPVSEKVTKCCTESLVNR(6)(9),2266.051108,Carbamidomethyl[C](10);Carbamidomethyl[C](11),1.000000e+000,1.848315e-001,0.000864,0.381280,1.000000e+000,1.000000e+000
,23,DSSO_HCD_STEP_NCE_25_35_MS2_rej2_T2.13840.13840.3.2.dta,3,2266.052167,TPVSEKVTKCCTESLVNR(6)(9),2266.051108,Carbamidomethyl[C](10);Carbamidomethyl[C](11),1.000000e+000,1.896448e-001,0.001059,0.467333,1.000000e+000,1.000000e+000
,24,DSSO_HCD_STEP_NCE_25_35_MS2_rej2_T2.13551.13551.3.0.dta,3,2266.054834,TPVSEKVTKCCTESLVNR(6)(9),2266.051108,Carbamidomethyl[C](10);Carbamidomethyl[C](11),1.000000e+000,2.136370e-001,0.003726,1.644270,1.000000e+000,1.000000e+000
,25,DSSO_HCD_STEP_NCE_25_35_MS2_rej2_T2.14316.14316.3.1.dta,3,2266.055729,TPVSEKVTKCCTESLVNR(6)(9),2266.051108,Carbamidomethyl[C](10);Carbamidomethyl[C](11),1.000000e+000,3.102102e-001,0.004621,2.039230,1.000000e+000,1.000000e+000
,26,DSSO_HCD_STEP_NCE_25_35_MS2_rej2_T1.12553.12553.3.1.dta,3,2266.053867,TPVSEKVTKCCTESLVNR(6)(9),2266.051108,Carbamidomethyl[C](10);Carbamidomethyl[C](11),1.000000e+000,3.102970e-001,0.002759,1.217537,1.000000e+000,1.000000e+000
,27,DSSO_HCD_STEP_NCE_25_35_MS2_rej2_T2.14360.14360.3.0.dta,3,2266.055413,TPVSEKVTKCCTESLVNR(6)(9),2266.051108,Carbamidomethyl[C](10);Carbamidomethyl[C](11),1.000000e+000,3.128199e-001,0.004305,1.899781,1.000000e+000,1.000000e+000
,28,DSSO_HCD_STEP_NCE_25_35_MS2_rej2_T2.14426.14426.3.0.dta,3,2266.056041,TPVSEKVTKCCTESLVNR(6)(9),2266.051108,Carbamidomethyl[C](10);Carbamidomethyl[C](11),1.000000e+000,3.176722e-001,0.004933,2.176915,1.000000e+000,1.000000e+000
,29,DSSO_HCD_STEP_NCE_25_35_MS2_rej2_T1.13529.13529.2.0.dta,2,2266.054304,TPVSEKVTKCCTESLVNR(6)(9),2266.051108,Carbamidomethyl[C](10);Carbamidomethyl[C](11),1.000000e+000,5.223830e-001,0.003196,1.410383,1.000000e+000,1.000000e+000
,30,DSSO_HCD_STEP_NCE_25_35_MS2_rej2_T2.13822.13822.2.0.dta,2,2266.060460,TPVSEKVTKCCTESLVNR(6)(9),2266.051108,Carbamidomethyl[C](10);Carbamidomethyl[C](11),1.000000e+000,7.925935e-001,0.009352,4.127003,1.000000e+000,1.000000e+000
,31,DSSO_HCD_STEP_NCE_25_35_MS2_rej2_T2.11007.11007.3.0.dta,3,2422.156987,TPVSEKVTKCCTESLVNRR(6)(9),2422.152210,Carbamidomethyl[C](10);Carbamidomethyl[C](11),1.000000e+000,2.380192e-001,0.004777,1.972213,1.000000e+000,1.000000e+000
,32,DSSO_HCD_STEP_NCE_25_35_MS2_rej2_T1.10643.10643.3.1.dta,3,2422.160409,TPVSEKVTKCCTESLVNRR(6)(9),2422.152210,Carbamidomethyl[C](10);Carbamidomethyl[C](11),1.000000e+000,2.993194e-001,0.008199,3.385006,1.000000e+000,1.000000e+000
8,sp|P02769|ALBU_BOVIN (299)(304),2,9
,1,DSSO_HCD_STEP_NCE_25_35_MS2_rej2_T2.11297.11297.4.0.dta,4,2744.276217,LKECCDKPLLEKSHCIAEVEK(2)(7),2744.276078,Carbamidomethyl[C](4);Carbamidomethyl[C](5);Carbamidomethyl[C](15),1.000000e+000,4.161815e-002,0.000139,0.050651,1.000000e+000,1.000000e+000
,2,DSSO_HCD_STEP_NCE_25_35_MS2_rej2_T2.11306.11306.4.0.dta,4,2744.275489,LKECCDKPLLEKSHCIAEVEK(2)(7),2744.276078,Carbamidomethyl[C](4);Carbamidomethyl[C](5);Carbamidomethyl[C](15),1.000000e+000,4.364335e-002,-0.000589,-0.214629,1.000000e+000,1.000000e+000
,3,DSSO_HCD_STEP_NCE_25_35_MS2_rej2_T1.10952.10952.3.1.dta,3,2744.277068,LKECCDKPLLEKSHCIAEVEK(2)(7),2744.276078,Carbamidomethyl[C](4);Carbamidomethyl[C](5);Carbamidomethyl[C](15),1.000000e+000,8.226522e-002,0.000990,0.360751,1.000000e+000,1.000000e+000
,4,DSSO_HCD_STEP_NCE_25_35_MS2_rej2_T1.11102.11102.4.0.dta,4,2744.281700,LKECCDKPLLEKSHCIAEVEK(2)(7),2744.276078,Carbamidomethyl[C](4);Carbamidomethyl[C](5);Carbamidomethyl[C](15),1.000000e+000,4.031195e-001,0.005622,2.048628,1.000000e+000,1.000000e+000
,5,DSSO_HCD_STEP_NCE_25_35_MS2_rej2_T1.10065.10065.3.0.dta,3,1690.783942,LKECCDKPLLEK(2)(7),1690.784798,Carbamidomethyl[C](4);Carbamidomethyl[C](5),1.000000e+000,6.575396e-002,-0.000856,-0.506274,1.000000e+000,1.000000e+000
,6,DSSO_HCD_STEP_NCE_25_35_MS2_rej2_T2.10437.10437.3.0.dta,3,1690.787969,LKECCDKPLLEK(2)(7),1690.784798,Carbamidomethyl[C](4);Carbamidomethyl[C](5),1.000000e+000,9.824575e-002,0.003171,1.875460,1.000000e+000,1.000000e+000
,7,DSSO_HCD_STEP_NCE_25_35_MS2_rej2_T1.10012.10012.2.0.dta,2,1690.786895,LKECCDKPLLEK(2)(7),1690.784798,Carbamidomethyl[C](4);Carbamidomethyl[C](5),1.000000e+000,1.537704e-001,0.002097,1.240252,1.000000e+000,1.000000e+000
,8,DSSO_HCD_STEP_NCE_25_35_MS2_rej2_T1.10054.10054.2.0.dta,2,1690.786583,LKECCDKPLLEK(2)(7),1690.784798,Carbamidomethyl[C](4);Carbamidomethyl[C](5),1.000000e+000,1.740847e-001,0.001785,1.055723,1.000000e+000,1.000000e+000
,9,DSSO_HCD_STEP_NCE_25_35_MS2_rej2_T1.10168.10168.2.0.dta,2,1690.786716,LKECCDKPLLEK(2)(7),1690.784798,Carbamidomethyl[C](4);Carbamidomethyl[C](5),1.000000e+000,3.834382e-001,0.001918,1.134384,1.000000e+000,1.000000e+000
9,sp|P02769|ALBU_BOVIN (386)(399),2,5
,1,DSSO_HCD_STEP_NCE_25_35_MS2_rej2_T1.15882.15882.3.0.dta,3,3437.435646,EYEATLEECCAKDDPHACYSTVFDKLK(12)(25),3437.431505,Carbamidomethyl[C](9);Carbamidomethyl[C](10);Carbamidomethyl[C](18),1.000000e+000,6.393907e-002,0.004141,1.204679,1.000000e+000,1.000000e+000
,2,DSSO_HCD_STEP_NCE_25_35_MS2_rej2_T2.15915.15915.3.0.dta,3,3437.433685,EYEATLEECCAKDDPHACYSTVFDKLK(12)(25),3437.431505,Carbamidomethyl[C](9);Carbamidomethyl[C](10);Carbamidomethyl[C](18),1.000000e+000,8.582749e-002,0.002180,0.634194,1.000000e+000,1.000000e+000
,3,DSSO_HCD_STEP_NCE_25_35_MS2_rej2_T2.15894.15894.3.0.dta,3,3437.434119,EYEATLEECCAKDDPHACYSTVFDKLK(12)(25),3437.431505,Carbamidomethyl[C](9);Carbamidomethyl[C](10);Carbamidomethyl[C](18),1.000000e+000,1.786574e-001,0.002614,0.760452,1.000000e+000,1.000000e+000
,4,DSSO_HCD_STEP_NCE_25_35_MS2_rej2_T2.15075.15075.3.0.dta,3,3749.651328,LAKEYEATLEECCAKDDPHACYSTVFDKLK(15)(28),3749.647629,Carbamidomethyl[C](12);Carbamidomethyl[C](13);Carbamidomethyl[C](21),1.000000e+000,2.323819e-001,0.003699,0.986493,1.000000e+000,1.000000e+000
,5,DSSO_HCD_STEP_NCE_25_35_MS2_rej2_T2.15034.15034.3.0.dta,3,3749.656172,LAKEYEATLEECCAKDDPHACYSTVFDKLK(15)(28),3749.647629,Carbamidomethyl[C](12);Carbamidomethyl[C](13);Carbamidomethyl[C](21),1.000000e+000,4.141315e-001,0.008543,2.278347,1.000000e+000,1.000000e+000
10,sp|P02769|ALBU_BOVIN (412)(420),1,27
,1,DSSO_HCD_STEP_NCE_25_35_MS2_rej2_T1.21886.21886.4.1.dta,4,3973.914694,HLVDEPQNLIKQNCDQFEKLGEYGFQNALIVR(11)(19),3973.920951,Carbamidomethyl[C](14),1.000000e+000,1.035184e-003,-0.006257,-1.574515,1.000000e+000,1.000000e+000
,2,DSSO_HCD_STEP_NCE_25_35_MS2_rej2_T1.21669.21669.4.0.dta,4,3973.926512,HLVDEPQNLIKQNCDQFEKLGEYGFQNALIVR(11)(19),3973.920951,Carbamidomethyl[C](14),1.000000e+000,1.175154e-003,0.005561,1.399374,1.000000e+000,1.000000e+000
,3,DSSO_HCD_STEP_NCE_25_35_MS2_rej2_T2.21751.21751.4.0.dta,4,3973.926028,HLVDEPQNLIKQNCDQFEKLGEYGFQNALIVR(11)(19),3973.920951,Carbamidomethyl[C](14),1.000000e+000,1.588271e-003,0.005077,1.277580,1.000000e+000,1.000000e+000
,4,DSSO_HCD_STEP_NCE_25_35_MS2_rej2_T2.22119.22119.4.1.dta,4,3973.928566,HLVDEPQNLIKQNCDQFEKLGEYGFQNALIVR(11)(19),3973.920951,Carbamidomethyl[C](14),1.000000e+000,1.666553e-003,0.007615,1.916243,1.000000e+000,1.000000e+000
,5,DSSO_HCD_STEP_NCE_25_35_MS2_rej2_T2.22005.22005.4.4.dta,4,3973.912400,HLVDEPQNLIKQNCDQFEKLGEYGFQNALIVR(11)(19),3973.920951,Carbamidomethyl[C](14),1.000000e+000,4.493723e-003,-0.008551,-2.151779,1.000000e+000,1.000000e+000
,6,DSSO_HCD_STEP_NCE_25_35_MS2_rej2_T1.22082.22082.3.0.dta,3,3973.924187,HLVDEPQNLIKQNCDQFEKLGEYGFQNALIVR(11)(19),3973.920951,Carbamidomethyl[C](14),1.000000e+000,1.014327e-002,0.003236,0.814309,1.000000e+000,1.000000e+000
,7,DSSO_HCD_STEP_NCE_25_35_MS2_rej2_T1.22475.22475.3.0.dta,3,3973.920227,HLVDEPQNLIKQNCDQFEKLGEYGFQNALIVR(11)(19),3973.920951,Carbamidomethyl[C](14),1.000000e+000,1.047234e-002,-0.000724,-0.182188,1.000000e+000,1.000000e+000
,8,DSSO_HCD_STEP_NCE_25_35_MS2_rej2_T1.22205.22205.4.0.dta,4,3973.896257,HLVDEPQNLIKQNCDQFEKLGEYGFQNALIVR(11)(19),3973.920951,Carbamidomethyl[C](14),1.000000e+000,1.085731e-002,-0.024694,-6.214014,1.000000e+000,1.000000e+000
,9,DSSO_HCD_STEP_NCE_25_35_MS2_rej2_T2.22787.22787.3.0.dta,3,3973.913376,HLVDEPQNLIKQNCDQFEKLGEYGFQNALIVR(11)(19),3973.920951,Carbamidomethyl[C](14),1.000000e+000,1.147016e-002,-0.007575,-1.906178,1.000000e+000,1.000000e+000
,10,DSSO_HCD_STEP_NCE_25_35_MS2_rej2_T1.22129.22129.3.1.dta,3,3973.926681,HLVDEPQNLIKQNCDQFEKLGEYGFQNALIVR(11)(19),3973.920951,Carbamidomethyl[C](14),1.000000e+000,1.403924e-002,0.005730,1.441901,1.000000e+000,1.000000e+000
,11,DSSO_HCD_STEP_NCE_25_35_MS2_rej2_T2.22163.22163.3.0.dta,3,3973.928014,HLVDEPQNLIKQNCDQFEKLGEYGFQNALIVR(11)(19),3973.920951,Carbamidomethyl[C](14),1.000000e+000,1.890190e-002,0.007063,1.777338,1.000000e+000,1.000000e+000
,12,DSSO_HCD_STEP_NCE_25_35_MS2_rej2_T2.22630.22630.3.0.dta,3,3973.912319,HLVDEPQNLIKQNCDQFEKLGEYGFQNALIVR(11)(19),3973.920951,Carbamidomethyl[C](14),1.000000e+000,2.220158e-002,-0.008632,-2.172162,1.000000e+000,1.000000e+000
,13,DSSO_HCD_STEP_NCE_25_35_MS2_rej2_T1.21853.21853.3.0.dta,3,3973.921820,HLVDEPQNLIKQNCDQFEKLGEYGFQNALIVR(11)(19),3973.920951,Carbamidomethyl[C](14),1.000000e+000,2.399880e-002,0.000869,0.218676,1.000000e+000,1.000000e+000
,14,DSSO_HCD_STEP_NCE_25_35_MS2_rej2_T2.22007.22007.3.0.dta,3,3973.921042,HLVDEPQNLIKQNCDQFEKLGEYGFQNALIVR(11)(19),3973.920951,Carbamidomethyl[C](14),1.000000e+000,2.516142e-002,0.000091,0.022899,1.000000e+000,1.000000e+000
,15,DSSO_HCD_STEP_NCE_25_35_MS2_rej2_T2.21749.21749.3.0.dta,3,3973.929500,HLVDEPQNLIKQNCDQFEKLGEYGFQNALIVR(11)(19),3973.920951,Carbamidomethyl[C](14),1.000000e+000,2.772969e-002,0.008549,2.151276,1.000000e+000,1.000000e+000
,16,DSSO_HCD_STEP_NCE_25_35_MS2_rej2_T1.21912.21912.3.0.dta,3,3973.927173,HLVDEPQNLIKQNCDQFEKLGEYGFQNALIVR(11)(19),3973.920951,Carbamidomethyl[C](14),1.000000e+000,2.844515e-002,0.006222,1.565708,1.000000e+000,1.000000e+000
,17,DSSO_HCD_STEP_NCE_25_35_MS2_rej2_T2.21956.21956.3.0.dta,3,3973.925864,HLVDEPQNLIKQNCDQFEKLGEYGFQNALIVR(11)(19),3973.920951,Carbamidomethyl[C](14),1.000000e+000,3.315194e-002,0.004913,1.236310,1.000000e+000,1.000000e+000
,18,DSSO_HCD_STEP_NCE_25_35_MS2_rej2_T2.22129.22129.3.0.dta,3,3973.929709,HLVDEPQNLIKQNCDQFEKLGEYGFQNALIVR(11)(19),3973.920951,Carbamidomethyl[C](14),1.000000e+000,6.053039e-002,0.008758,2.203869,1.000000e+000,1.000000e+000
,19,DSSO_HCD_STEP_NCE_25_35_MS2_rej2_T2.22725.22725.3.0.dta,3,3973.914354,HLVDEPQNLIKQNCDQFEKLGEYGFQNALIVR(11)(19),3973.920951,Carbamidomethyl[C](14),1.000000e+000,7.061503e-002,-0.006597,-1.660073,1.000000e+000,1.000000e+000
,20,DSSO_HCD_STEP_NCE_25_35_MS2_rej2_T1.21759.21759.3.0.dta,3,3973.930493,HLVDEPQNLIKQNCDQFEKLGEYGFQNALIVR(11)(19),3973.920951,Carbamidomethyl[C](14),1.000000e+000,7.114451e-002,0.009542,2.401155,1.000000e+000,1.000000e+000
,21,DSSO_HCD_STEP_NCE_25_35_MS2_rej2_T1.21636.21636.3.2.dta,3,3973.936224,HLVDEPQNLIKQNCDQFEKLGEYGFQNALIVR(11)(19),3973.920951,Carbamidomethyl[C](14),1.000000e+000,8.722328e-002,0.015273,3.843307,1.000000e+000,1.000000e+000
,22,DSSO_HCD_STEP_NCE_25_35_MS2_rej2_T2.22989.22989.3.0.dta,3,3973.946827,HLVDEPQNLIKQNCDQFEKLGEYGFQNALIVR(11)(19),3973.920951,Carbamidomethyl[C](14),1.000000e+000,9.485721e-002,0.025876,6.511453,1.000000e+000,1.000000e+000
,23,DSSO_HCD_STEP_NCE_25_35_MS2_rej2_T1.22868.22868.3.1.dta,3,3973.947481,HLVDEPQNLIKQNCDQFEKLGEYGFQNALIVR(11)(19),3973.920951,Carbamidomethyl[C](14),1.000000e+000,1.056845e-001,0.026530,6.676026,1.000000e+000,1.000000e+000
,24,DSSO_HCD_STEP_NCE_25_35_MS2_rej2_T2.22277.22277.4.0.dta,4,3973.934846,HLVDEPQNLIKQNCDQFEKLGEYGFQNALIVR(11)(19),3973.920951,Carbamidomethyl[C](14),1.000000e+000,1.601396e-001,0.013895,3.496547,1.000000e+000,1.000000e+000
,25,DSSO_HCD_STEP_NCE_25_35_MS2_rej2_T2.22559.22559.3.0.dta,3,3973.912959,HLVDEPQNLIKQNCDQFEKLGEYGFQNALIVR(11)(19),3973.920951,Carbamidomethyl[C](14),1.000000e+000,1.638249e-001,-0.007992,-2.011112,1.000000e+000,1.000000e+000
,26,DSSO_HCD_STEP_NCE_25_35_MS2_rej2_T2.21716.21716.3.2.dta,3,3973.930570,HLVDEPQNLIKQNCDQFEKLGEYGFQNALIVR(11)(19),3973.920951,Carbamidomethyl[C](14),1.000000e+000,2.121607e-001,0.009619,2.420531,1.000000e+000,1.000000e+000
,27,DSSO_HCD_STEP_NCE_25_35_MS2_rej2_T1.21633.21633.3.3.dta,3,3973.936224,HLVDEPQNLIKQNCDQFEKLGEYGFQNALIVR(11)(19),3973.920951,Carbamidomethyl[C](14),1.000000e+000,2.447373e-001,0.015273,3.843307,1.000000e+000,1.000000e+000
11,sp|P02769|ALBU_BOVIN (523)(528),1,11
,1,DSSO_HCD_STEP_NCE_25_35_MS2_rej2_T1.22449.22449.3.0.dta,3,4518.107368,RPCFSALTPDETYVPKAFDEKLFTFHADICTLPDTEK(16)(21),4518.097635,Carbamidomethyl[C](3);Carbamidomethyl[C](30),1.000000e+000,5.145469e-003,0.009733,2.154225,1.000000e+000,1.000000e+000
,2,DSSO_HCD_STEP_NCE_25_35_MS2_rej2_T1.22875.22875.4.0.dta,4,4518.108294,RPCFSALTPDETYVPKAFDEKLFTFHADICTLPDTEK(16)(21),4518.097635,Carbamidomethyl[C](3);Carbamidomethyl[C](30),1.000000e+000,8.094203e-003,0.010659,2.359179,1.000000e+000,1.000000e+000
,3,DSSO_HCD_STEP_NCE_25_35_MS2_rej2_T2.22519.22519.4.0.dta,4,4518.111226,RPCFSALTPDETYVPKAFDEKLFTFHADICTLPDTEK(16)(21),4518.097635,Carbamidomethyl[C](3);Carbamidomethyl[C](30),1.000000e+000,9.780365e-003,0.013591,3.008124,1.000000e+000,1.000000e+000
,4,DSSO_HCD_STEP_NCE_25_35_MS2_rej2_T1.22360.22360.4.0.dta,4,4518.109600,RPCFSALTPDETYVPKAFDEKLFTFHADICTLPDTEK(16)(21),4518.097635,Carbamidomethyl[C](3);Carbamidomethyl[C](30),1.000000e+000,1.034524e-002,0.011965,2.648238,1.000000e+000,1.000000e+000
,5,DSSO_HCD_STEP_NCE_25_35_MS2_rej2_T2.23084.23084.4.0.dta,4,4518.105057,RPCFSALTPDETYVPKAFDEKLFTFHADICTLPDTEK(16)(21),4518.097635,Carbamidomethyl[C](3);Carbamidomethyl[C](30),1.000000e+000,1.798162e-002,0.007422,1.642727,1.000000e+000,1.000000e+000
,6,DSSO_HCD_STEP_NCE_25_35_MS2_rej2_T2.22530.22530.3.0.dta,3,4518.095972,RPCFSALTPDETYVPKAFDEKLFTFHADICTLPDTEK(16)(21),4518.097635,Carbamidomethyl[C](3);Carbamidomethyl[C](30),1.000000e+000,1.828356e-002,-0.001663,-0.368075,1.000000e+000,1.000000e+000
,7,DSSO_HCD_STEP_NCE_25_35_MS2_rej2_T2.22501.22501.4.0.dta,4,4518.112973,RPCFSALTPDETYVPKAFDEKLFTFHADICTLPDTEK(16)(21),4518.097635,Carbamidomethyl[C](3);Carbamidomethyl[C](30),1.000000e+000,2.232260e-002,0.015338,3.394792,1.000000e+000,1.000000e+000
,8,DSSO_HCD_STEP_NCE_25_35_MS2_rej2_T1.22373.22373.3.0.dta,3,4518.113140,RPCFSALTPDETYVPKAFDEKLFTFHADICTLPDTEK(16)(21),4518.097635,Carbamidomethyl[C](3);Carbamidomethyl[C](30),1.000000e+000,3.602334e-002,0.015505,3.431754,1.000000e+000,1.000000e+000
,9,DSSO_HCD_STEP_NCE_25_35_MS2_rej2_T2.23014.23014.4.0.dta,4,4518.106090,RPCFSALTPDETYVPKAFDEKLFTFHADICTLPDTEK(16)(21),4518.097635,Carbamidomethyl[C](3);Carbamidomethyl[C](30),1.000000e+000,5.631455e-002,0.008455,1.871363,1.000000e+000,1.000000e+000
,10,DSSO_HCD_STEP_NCE_25_35_MS2_rej2_T2.23096.23096.4.0.dta,4,4518.105057,RPCFSALTPDETYVPKAFDEKLFTFHADICTLPDTEK(16)(21),4518.097635,Carbamidomethyl[C](3);Carbamidomethyl[C](30),1.000000e+000,7.415976e-002,0.007422,1.642727,1.000000e+000,1.000000e+000
,11,DSSO_HCD_STEP_NCE_25_35_MS2_rej2_T1.21726.21726.4.3.dta,4,4518.143495,RPCFSALTPDETYVPKAFDEKLFTFHADICTLPDTEK(16)(21),4518.097635,Carbamidomethyl[C](3);Carbamidomethyl[C](30),1.000000e+000,8.741614e-002,0.045860,10.150290,1.000000e+000,1.000000e+000
12,sp|P02769|ALBU_BOVIN (297)(299),1,14
,1,DSSO_HCD_STEP_NCE_25_35_MS2_rej2_T1.12407.12407.4.0.dta,4,3115.412124,YICDNQDTISSKLKECCDKPLLEK(12)(14),3115.408927,Carbamidomethyl[C](3);Carbamidomethyl[C](16);Carbamidomethyl[C](17),1.000000e+000,7.926780e-003,0.003197,1.026190,1.000000e+000,1.000000e+000
,2,DSSO_HCD_STEP_NCE_25_35_MS2_rej2_T2.12867.12867.3.0.dta,3,3115.411776,YICDNQDTISSKLKECCDKPLLEK(12)(14),3115.408927,Carbamidomethyl[C](3);Carbamidomethyl[C](16);Carbamidomethyl[C](17),1.000000e+000,7.944966e-003,0.002849,0.914487,1.000000e+000,1.000000e+000
,3,DSSO_HCD_STEP_NCE_25_35_MS2_rej2_T2.12830.12830.3.0.dta,3,3115.411106,YICDNQDTISSKLKECCDKPLLEK(12)(14),3115.408927,Carbamidomethyl[C](3);Carbamidomethyl[C](16);Carbamidomethyl[C](17),1.000000e+000,8.439390e-003,0.002179,0.699427,1.000000e+000,1.000000e+000
,4,DSSO_HCD_STEP_NCE_25_35_MS2_rej2_T2.12769.12769.3.0.dta,3,3115.413290,YICDNQDTISSKLKECCDKPLLEK(12)(14),3115.408927,Carbamidomethyl[C](3);Carbamidomethyl[C](16);Carbamidomethyl[C](17),1.000000e+000,8.601329e-003,0.004363,1.400458,1.000000e+000,1.000000e+000
,5,DSSO_HCD_STEP_NCE_25_35_MS2_rej2_T2.12613.12613.3.0.dta,3,3115.413431,YICDNQDTISSKLKECCDKPLLEK(12)(14),3115.408927,Carbamidomethyl[C](3);Carbamidomethyl[C](16);Carbamidomethyl[C](17),1.000000e+000,9.800044e-003,0.004504,1.445717,1.000000e+000,1.000000e+000
,6,DSSO_HCD_STEP_NCE_25_35_MS2_rej2_T2.12667.12667.4.0.dta,4,3115.416216,YICDNQDTISSKLKECCDKPLLEK(12)(14),3115.408927,Carbamidomethyl[C](3);Carbamidomethyl[C](16);Carbamidomethyl[C](17),1.000000e+000,1.298924e-002,0.007289,2.339661,1.000000e+000,1.000000e+000
,7,DSSO_HCD_STEP_NCE_25_35_MS2_rej2_T2.12607.12607.3.0.dta,3,3115.413887,YICDNQDTISSKLKECCDKPLLEK(12)(14),3115.408927,Carbamidomethyl[C](3);Carbamidomethyl[C](16);Carbamidomethyl[C](17),1.000000e+000,1.442887e-002,0.004960,1.592086,1.000000e+000,1.000000e+000
,8,DSSO_HCD_STEP_NCE_25_35_MS2_rej2_T2.12605.12605.3.0.dta,3,3115.413655,YICDNQDTISSKLKECCDKPLLEK(12)(14),3115.408927,Carbamidomethyl[C](3);Carbamidomethyl[C](16);Carbamidomethyl[C](17),1.000000e+000,1.842229e-002,0.004728,1.517618,1.000000e+000,1.000000e+000
,9,DSSO_HCD_STEP_NCE_25_35_MS2_rej2_T1.12311.12311.3.0.dta,3,3115.412811,YICDNQDTISSKLKECCDKPLLEK(12)(14),3115.408927,Carbamidomethyl[C](3);Carbamidomethyl[C](16);Carbamidomethyl[C](17),1.000000e+000,2.642022e-002,0.003884,1.246706,1.000000e+000,1.000000e+000
,10,DSSO_HCD_STEP_NCE_25_35_MS2_rej2_T1.12391.12391.4.0.dta,4,3115.415776,YICDNQDTISSKLKECCDKPLLEK(12)(14),3115.408927,Carbamidomethyl[C](3);Carbamidomethyl[C](16);Carbamidomethyl[C](17),1.000000e+000,4.002896e-002,0.006849,2.198427,1.000000e+000,1.000000e+000
,11,DSSO_HCD_STEP_NCE_25_35_MS2_rej2_T2.13197.13197.3.0.dta,3,3115.407997,YICDNQDTISSKLKECCDKPLLEK(12)(14),3115.408927,Carbamidomethyl[C](3);Carbamidomethyl[C](16);Carbamidomethyl[C](17),1.000000e+000,7.662373e-002,-0.000930,-0.298516,1.000000e+000,1.000000e+000
,12,DSSO_HCD_STEP_NCE_25_35_MS2_rej2_T1.12637.12637.3.0.dta,3,3115.414255,YICDNQDTISSKLKECCDKPLLEK(12)(14),3115.408927,Carbamidomethyl[C](3);Carbamidomethyl[C](16);Carbamidomethyl[C](17),1.000000e+000,1.727459e-001,0.005328,1.710209,1.000000e+000,1.000000e+000
,13,DSSO_HCD_STEP_NCE_25_35_MS2_rej2_T1.12833.12833.3.0.dta,3,3115.403659,YICDNQDTISSKLKECCDKPLLEK(12)(14),3115.408927,Carbamidomethyl[C](3);Carbamidomethyl[C](16);Carbamidomethyl[C](17),1.000000e+000,2.730533e-001,-0.005268,-1.690950,1.000000e+000,1.000000e+000
,14,DSSO_HCD_STEP_NCE_25_35_MS2_rej2_T2.13152.13152.3.0.dta,3,3115.401171,YICDNQDTISSKLKECCDKPLLEK(12)(14),3115.408927,Carbamidomethyl[C](3);Carbamidomethyl[C](16);Carbamidomethyl[C](17),1.000000e+000,2.870117e-001,-0.007756,-2.489561,1.000000e+000,1.000000e+000
13,sp|P02769|ALBU_BOVIN (75)(88),1,13
,1,DSSO_HCD_STEP_NCE_25_35_MS2_rej2_T1.19201.19201.3.0.dta,3,4166.887740,LVNELTEFAKTCVADESHAGCEKSLHTLFGDELCK(10)(23),4166.881189,Carbamidomethyl[C](12);Carbamidomethyl[C](21);Carbamidomethyl[C](34),1.000000e+000,1.066875e-002,0.006551,1.572159,1.000000e+000,1.000000e+000
,2,DSSO_HCD_STEP_NCE_25_35_MS2_rej2_T2.19150.19150.4.1.dta,4,4166.891162,LVNELTEFAKTCVADESHAGCEKSLHTLFGDELCK(10)(23),4166.881189,Carbamidomethyl[C](12);Carbamidomethyl[C](21);Carbamidomethyl[C](34),1.000000e+000,1.245303e-002,0.009973,2.393397,1.000000e+000,1.000000e+000
,3,DSSO_HCD_STEP_NCE_25_35_MS2_rej2_T2.19185.19185.3.0.dta,3,4166.893947,LVNELTEFAKTCVADESHAGCEKSLHTLFGDELCK(10)(23),4166.881189,Carbamidomethyl[C](12);Carbamidomethyl[C](21);Carbamidomethyl[C](34),1.000000e+000,1.486660e-002,0.012758,3.061762,1.000000e+000,1.000000e+000
,4,DSSO_HCD_STEP_NCE_25_35_MS2_rej2_T2.19154.19154.3.0.dta,3,4166.893965,LVNELTEFAKTCVADESHAGCEKSLHTLFGDELCK(10)(23),4166.881189,Carbamidomethyl[C](12);Carbamidomethyl[C](21);Carbamidomethyl[C](34),1.000000e+000,2.433081e-002,0.012776,3.066082,1.000000e+000,1.000000e+000
,5,DSSO_HCD_STEP_NCE_25_35_MS2_rej2_T1.19303.19303.4.0.dta,4,4166.893481,LVNELTEFAKTCVADESHAGCEKSLHTLFGDELCK(10)(23),4166.881189,Carbamidomethyl[C](12);Carbamidomethyl[C](21);Carbamidomethyl[C](34),1.000000e+000,2.687751e-002,0.012292,2.949928,1.000000e+000,1.000000e+000
,6,DSSO_HCD_STEP_NCE_25_35_MS2_rej2_T1.19195.19195.4.0.dta,4,4166.896425,LVNELTEFAKTCVADESHAGCEKSLHTLFGDELCK(10)(23),4166.881189,Carbamidomethyl[C](12);Carbamidomethyl[C](21);Carbamidomethyl[C](34),1.000000e+000,2.850961e-002,0.015236,3.656452,1.000000e+000,1.000000e+000
,7,DSSO_HCD_STEP_NCE_25_35_MS2_rej2_T1.19216.19216.3.0.dta,3,4166.887740,LVNELTEFAKTCVADESHAGCEKSLHTLFGDELCK(10)(23),4166.881189,Carbamidomethyl[C](12);Carbamidomethyl[C](21);Carbamidomethyl[C](34),1.000000e+000,3.931691e-002,0.006551,1.572159,1.000000e+000,1.000000e+000
,8,DSSO_HCD_STEP_NCE_25_35_MS2_rej2_T2.19134.19134.4.0.dta,4,4166.890472,LVNELTEFAKTCVADESHAGCEKSLHTLFGDELCK(10)(23),4166.881189,Carbamidomethyl[C](12);Carbamidomethyl[C](21);Carbamidomethyl[C](34),1.000000e+000,1.332019e-001,0.009283,2.227805,1.000000e+000,1.000000e+000
,9,DSSO_HCD_STEP_NCE_25_35_MS2_rej2_T1.19417.19417.4.2.dta,4,4166.901481,LVNELTEFAKTCVADESHAGCEKSLHTLFGDELCK(10)(23),4166.881189,Carbamidomethyl[C](12);Carbamidomethyl[C](21);Carbamidomethyl[C](34),1.000000e+000,1.565678e-001,0.020292,4.869829,1.000000e+000,1.000000e+000
,10,DSSO_HCD_STEP_NCE_25_35_MS2_rej2_T2.19142.19142.3.0.dta,3,4166.893112,LVNELTEFAKTCVADESHAGCEKSLHTLFGDELCK(10)(23),4166.881189,Carbamidomethyl[C](12);Carbamidomethyl[C](21);Carbamidomethyl[C](34),1.000000e+000,1.939915e-001,0.011923,2.861373,1.000000e+000,1.000000e+000
,11,DSSO_HCD_STEP_NCE_25_35_MS2_rej2_T1.19361.19361.4.0.dta,4,4166.899285,LVNELTEFAKTCVADESHAGCEKSLHTLFGDELCK(10)(23),4166.881189,Carbamidomethyl[C](12);Carbamidomethyl[C](21);Carbamidomethyl[C](34),1.000000e+000,1.992896e-001,0.018096,4.342816,1.000000e+000,1.000000e+000
,12,DSSO_HCD_STEP_NCE_25_35_MS2_rej2_T1.19125.19125.4.0.dta,4,4166.897517,LVNELTEFAKTCVADESHAGCEKSLHTLFGDELCK(10)(23),4166.881189,Carbamidomethyl[C](12);Carbamidomethyl[C](21);Carbamidomethyl[C](34),1.000000e+000,2.193001e-001,0.016328,3.918518,1.000000e+000,1.000000e+000
,13,DSSO_HCD_STEP_NCE_25_35_MS2_rej2_T2.19308.19308.3.0.dta,3,4166.900123,LVNELTEFAKTCVADESHAGCEKSLHTLFGDELCK(10)(23),4166.881189,Carbamidomethyl[C](12);Carbamidomethyl[C](21);Carbamidomethyl[C](34),1.000000e+000,2.848469e-001,0.018934,4.543926,1.000000e+000,1.000000e+000
14,sp|P02769|ALBU_BOVIN (559)(561),1,36
,1,DSSO_HCD_STEP_NCE_25_35_MS2_rej2_T2.4916.4916.3.0.dta,3,1466.730910,HKPKATEEQLK(2)(4),1466.730722,null,1.000000e+000,2.089805e-002,0.000188,0.128176,1.000000e+000,1.000000e+000
,2,DSSO_HCD_STEP_NCE_25_35_MS2_rej2_T1.4477.4477.3.0.dta,3,1466.730544,HKPKATEEQLK(2)(4),1466.730722,null,1.000000e+000,2.265299e-002,-0.000178,-0.121358,1.000000e+000,1.000000e+000
,3,DSSO_HCD_STEP_NCE_25_35_MS2_rej2_T1.4470.4470.3.0.dta,3,1466.730319,HKPKATEEQLK(2)(4),1466.730722,null,1.000000e+000,2.395457e-002,-0.000403,-0.274761,1.000000e+000,1.000000e+000
,4,DSSO_HCD_STEP_NCE_25_35_MS2_rej2_T1.4846.4846.3.0.dta,3,1466.731424,HKPKATEEQLK(2)(4),1466.730722,null,1.000000e+000,2.448631e-002,0.000702,0.478615,1.000000e+000,1.000000e+000
,5,DSSO_HCD_STEP_NCE_25_35_MS2_rej2_T2.5293.5293.3.1.dta,3,1466.730123,HKPKATEEQLK(2)(4),1466.730722,null,1.000000e+000,3.581418e-002,-0.000599,-0.408391,1.000000e+000,1.000000e+000
,6,DSSO_HCD_STEP_NCE_25_35_MS2_rej2_T2.5308.5308.3.0.dta,3,1466.730149,HKPKATEEQLK(2)(4),1466.730722,null,1.000000e+000,3.862666e-002,-0.000573,-0.390665,1.000000e+000,1.000000e+000
,7,DSSO_HCD_STEP_NCE_25_35_MS2_rej2_T2.4979.4979.3.0.dta,3,1466.730354,HKPKATEEQLK(2)(4),1466.730722,null,1.000000e+000,3.932333e-002,-0.000368,-0.250898,1.000000e+000,1.000000e+000
,8,DSSO_HCD_STEP_NCE_25_35_MS2_rej2_T2.5340.5340.3.0.dta,3,1466.731388,HKPKATEEQLK(2)(4),1466.730722,null,1.000000e+000,4.398016e-002,0.000666,0.454071,1.000000e+000,1.000000e+000
,9,DSSO_HCD_STEP_NCE_25_35_MS2_rej2_T2.5304.5304.3.2.dta,3,1466.730235,HKPKATEEQLK(2)(4),1466.730722,null,1.000000e+000,4.474836e-002,-0.000487,-0.332031,1.000000e+000,1.000000e+000
,10,DSSO_HCD_STEP_NCE_25_35_MS2_rej2_T1.5003.5003.3.0.dta,3,1466.729337,HKPKATEEQLK(2)(4),1466.730722,null,1.000000e+000,5.437971e-002,-0.001385,-0.944277,1.000000e+000,1.000000e+000
,11,DSSO_HCD_STEP_NCE_25_35_MS2_rej2_T2.5738.5738.2.1.dta,2,1466.731888,HKPKATEEQLK(2)(4),1466.730722,null,1.000000e+000,1.161628e-001,0.001166,0.794965,1.000000e+000,1.000000e+000
,12,DSSO_HCD_STEP_NCE_25_35_MS2_rej2_T2.5368.5368.2.0.dta,2,1466.732899,HKPKATEEQLK(2)(4),1466.730722,null,1.000000e+000,1.267749e-001,0.002177,1.484253,1.000000e+000,1.000000e+000
,13,DSSO_HCD_STEP_NCE_25_35_MS2_rej2_T1.5623.5623.2.0.dta,2,1466.729590,HKPKATEEQLK(2)(4),1466.730722,null,1.000000e+000,1.324417e-001,-0.001132,-0.771784,1.000000e+000,1.000000e+000
,14,DSSO_HCD_STEP_NCE_25_35_MS2_rej2_T1.5177.5177.2.1.dta,2,1466.730331,HKPKATEEQLK(2)(4),1466.730722,null,1.000000e+000,1.516781e-001,-0.000391,-0.266579,1.000000e+000,1.000000e+000
,15,DSSO_HCD_STEP_NCE_25_35_MS2_rej2_T2.5354.5354.2.0.dta,2,1466.732409,HKPKATEEQLK(2)(4),1466.730722,null,1.000000e+000,1.546665e-001,0.001687,1.150177,1.000000e+000,1.000000e+000
,16,DSSO_HCD_STEP_NCE_25_35_MS2_rej2_T1.5524.5524.3.0.dta,3,1466.730441,HKPKATEEQLK(2)(4),1466.730722,null,1.000000e+000,2.099578e-001,-0.000281,-0.191583,1.000000e+000,1.000000e+000
,17,DSSO_HCD_STEP_NCE_25_35_MS2_rej2_T2.5677.5677.3.0.dta,3,1466.731005,HKPKATEEQLK(2)(4),1466.730722,null,1.000000e+000,2.571050e-001,0.000283,0.192946,1.000000e+000,1.000000e+000
,18,DSSO_HCD_STEP_NCE_25_35_MS2_rej2_T2.5662.5662.3.0.dta,3,1466.731382,HKPKATEEQLK(2)(4),1466.730722,null,1.000000e+000,2.765992e-001,0.000660,0.449980,1.000000e+000,1.000000e+000
,19,DSSO_HCD_STEP_NCE_25_35_MS2_rej2_T1.5705.5705.2.0.dta,2,1466.729471,HKPKATEEQLK(2)(4),1466.730722,null,1.000000e+000,3.949954e-001,-0.001251,-0.852917,1.000000e+000,1.000000e+000
,20,DSSO_HCD_STEP_NCE_25_35_MS2_rej2_T2.5824.5824.2.0.dta,2,1466.732424,HKPKATEEQLK(2)(4),1466.730722,null,1.000000e+000,4.607996e-001,0.001702,1.160404,1.000000e+000,1.000000e+000
,21,DSSO_HCD_STEP_NCE_25_35_MS2_rej2_T1.5741.5741.2.0.dta,2,1466.730376,HKPKATEEQLK(2)(4),1466.730722,null,1.000000e+000,5.704080e-001,-0.000346,-0.235899,1.000000e+000,1.000000e+000
,22,DSSO_HCD_STEP_NCE_25_35_MS2_rej2_T2.5653.5653.3.1.dta,3,1466.731736,HKPKATEEQLK(2)(4),1466.730722,null,1.000000e+000,5.767408e-001,0.001014,0.691333,1.000000e+000,1.000000e+000
,23,DSSO_HCD_STEP_NCE_25_35_MS2_rej2_T2.5685.5685.2.0.dta,2,1466.731763,HKPKATEEQLK(2)(4),1466.730722,null,1.000000e+000,5.774117e-001,0.001041,0.709742,1.000000e+000,1.000000e+000
,24,DSSO_HCD_STEP_NCE_25_35_MS2_rej2_T1.5347.5347.2.1.dta,2,1466.732176,HKPKATEEQLK(2)(4),1466.730722,null,1.000000e+000,5.803796e-001,0.001454,0.991320,1.000000e+000,1.000000e+000
,25,DSSO_HCD_STEP_NCE_25_35_MS2_rej2_T1.5294.5294.2.0.dta,2,1466.731590,HKPKATEEQLK(2)(4),1466.730722,null,1.000000e+000,5.993014e-001,0.000868,0.591792,1.000000e+000,1.000000e+000
,26,DSSO_HCD_STEP_NCE_25_35_MS2_rej2_T2.5530.5530.2.1.dta,2,1466.728127,HKPKATEEQLK(2)(4),1466.730722,null,1.000000e+000,6.307424e-001,-0.002595,-1.769241,1.000000e+000,1.000000e+000
,27,DSSO_HCD_STEP_NCE_25_35_MS2_rej2_T1.6201.6201.2.0.dta,2,1466.731202,HKPKATEEQLK(2)(4),1466.730722,null,1.000000e+000,6.458597e-001,0.000480,0.327258,1.000000e+000,1.000000e+000
,28,DSSO_HCD_STEP_NCE_25_35_MS2_rej2_T2.6597.6597.2.0.dta,2,1466.731767,HKPKATEEQLK(2)(4),1466.730722,null,1.000000e+000,6.557646e-001,0.001045,0.712469,1.000000e+000,1.000000e+000
,29,DSSO_HCD_STEP_NCE_25_35_MS2_rej2_T2.6575.6575.2.0.dta,2,1466.732158,HKPKATEEQLK(2)(4),1466.730722,null,1.000000e+000,6.621001e-001,0.001436,0.979048,1.000000e+000,1.000000e+000
,30,DSSO_HCD_STEP_NCE_25_35_MS2_rej2_T2.6375.6375.2.0.dta,2,1466.731516,HKPKATEEQLK(2)(4),1466.730722,null,1.000000e+000,6.817509e-001,0.000794,0.541340,1.000000e+000,1.000000e+000
,31,DSSO_HCD_STEP_NCE_25_35_MS2_rej2_T1.5190.5190.2.1.dta,2,1466.729976,HKPKATEEQLK(2)(4),1466.730722,null,1.000000e+000,6.897421e-001,-0.000746,-0.508614,1.000000e+000,1.000000e+000
,32,DSSO_HCD_STEP_NCE_25_35_MS2_rej2_T1.6000.6000.2.0.dta,2,1466.732274,HKPKATEEQLK(2)(4),1466.730722,null,1.000000e+000,7.236989e-001,0.001552,1.058136,1.000000e+000,1.000000e+000
,33,DSSO_HCD_STEP_NCE_25_35_MS2_rej2_T2.6273.6273.2.0.dta,2,1466.732869,HKPKATEEQLK(2)(4),1466.730722,null,1.000000e+000,7.361416e-001,0.002147,1.463800,1.000000e+000,1.000000e+000
,34,DSSO_HCD_STEP_NCE_25_35_MS2_rej2_T2.6175.6175.2.0.dta,2,1466.734470,HKPKATEEQLK(2)(4),1466.730722,null,1.000000e+000,7.532683e-001,0.003748,2.555343,1.000000e+000,1.000000e+000
,35,DSSO_HCD_STEP_NCE_25_35_MS2_rej2_T2.6749.6749.2.1.dta,2,1466.736075,HKPKATEEQLK(2)(4),1466.730722,null,1.000000e+000,8.960680e-001,0.005353,3.649613,1.000000e+000,1.000000e+000
,36,DSSO_HCD_STEP_NCE_25_35_MS2_rej2_T1.6370.6370.2.3.dta,2,1466.735587,HKPKATEEQLK(2)(4),1466.730722,null,1.000000e+000,9.045280e-001,0.004865,3.316901,1.000000e+000,1.000000e+000
15,sp|P02769|ALBU_BOVIN (88)(100),1,32
,1,DSSO_HCD_STEP_NCE_25_35_MS2_rej2_T2.20069.20069.3.1.dta,3,3548.590551,TCVADESHAGCEKSLHTLFGDELCKVASLR(13)(25),3548.591122,Carbamidomethyl[C](2);Carbamidomethyl[C](11);Carbamidomethyl[C](24),1.000000e+000,2.830207e-002,-0.000571,-0.160909,1.000000e+000,1.000000e+000
,2,DSSO_HCD_STEP_NCE_25_35_MS2_rej2_T1.20028.20028.3.0.dta,3,3548.595088,TCVADESHAGCEKSLHTLFGDELCKVASLR(13)(25),3548.591122,Carbamidomethyl[C](2);Carbamidomethyl[C](11);Carbamidomethyl[C](24),1.000000e+000,3.135605e-002,0.003966,1.117627,1.000000e+000,1.000000e+000
,3,DSSO_HCD_STEP_NCE_25_35_MS2_rej2_T1.19699.19699.3.0.dta,3,3548.590314,TCVADESHAGCEKSLHTLFGDELCKVASLR(13)(25),3548.591122,Carbamidomethyl[C](2);Carbamidomethyl[C](11);Carbamidomethyl[C](24),1.000000e+000,3.320551e-002,-0.000808,-0.227696,1.000000e+000,1.000000e+000
,4,DSSO_HCD_STEP_NCE_25_35_MS2_rej2_T1.20058.20058.3.0.dta,3,3548.593647,TCVADESHAGCEKSLHTLFGDELCKVASLR(13)(25),3548.591122,Carbamidomethyl[C](2);Carbamidomethyl[C](11);Carbamidomethyl[C](24),1.000000e+000,4.142791e-002,0.002525,0.711550,1.000000e+000,1.000000e+000
,5,DSSO_HCD_STEP_NCE_25_35_MS2_rej2_T1.19698.19698.4.0.dta,4,3548.594756,TCVADESHAGCEKSLHTLFGDELCKVASLR(13)(25),3548.591122,Carbamidomethyl[C](2);Carbamidomethyl[C](11);Carbamidomethyl[C](24),1.000000e+000,4.860976e-002,0.003634,1.024068,1.000000e+000,1.000000e+000
,6,DSSO_HCD_STEP_NCE_25_35_MS2_rej2_T2.19743.19743.4.0.dta,4,3548.595241,TCVADESHAGCEKSLHTLFGDELCKVASLR(13)(25),3548.591122,Carbamidomethyl[C](2);Carbamidomethyl[C](11);Carbamidomethyl[C](24),1.000000e+000,4.870836e-002,0.004119,1.160742,1.000000e+000,1.000000e+000
,7,DSSO_HCD_STEP_NCE_25_35_MS2_rej2_T2.20080.20080.3.1.dta,3,3548.594158,TCVADESHAGCEKSLHTLFGDELCKVASLR(13)(25),3548.591122,Carbamidomethyl[C](2);Carbamidomethyl[C](11);Carbamidomethyl[C](24),1.000000e+000,5.140629e-002,0.003036,0.855551,1.000000e+000,1.000000e+000
,8,DSSO_HCD_STEP_NCE_25_35_MS2_rej2_T2.20174.20174.3.0.dta,3,3548.595641,TCVADESHAGCEKSLHTLFGDELCKVASLR(13)(25),3548.591122,Carbamidomethyl[C](2);Carbamidomethyl[C](11);Carbamidomethyl[C](24),1.000000e+000,5.323827e-002,0.004519,1.273463,1.000000e+000,1.000000e+000
,9,DSSO_HCD_STEP_NCE_25_35_MS2_rej2_T2.19682.19682.3.0.dta,3,3548.591255,TCVADESHAGCEKSLHTLFGDELCKVASLR(13)(25),3548.591122,Carbamidomethyl[C](2);Carbamidomethyl[C](11);Carbamidomethyl[C](24),1.000000e+000,5.334472e-002,0.000133,0.037480,1.000000e+000,1.000000e+000
,10,DSSO_HCD_STEP_NCE_25_35_MS2_rej2_T1.20052.20052.3.0.dta,3,3548.591962,TCVADESHAGCEKSLHTLFGDELCKVASLR(13)(25),3548.591122,Carbamidomethyl[C](2);Carbamidomethyl[C](11);Carbamidomethyl[C](24),1.000000e+000,5.535512e-002,0.000840,0.236714,1.000000e+000,1.000000e+000
,11,DSSO_HCD_STEP_NCE_25_35_MS2_rej2_T1.19772.19772.4.0.dta,4,3548.597205,TCVADESHAGCEKSLHTLFGDELCKVASLR(13)(25),3548.591122,Carbamidomethyl[C](2);Carbamidomethyl[C](11);Carbamidomethyl[C](24),1.000000e+000,5.658352e-002,0.006083,1.714201,1.000000e+000,1.000000e+000
,12,DSSO_HCD_STEP_NCE_25_35_MS2_rej2_T2.19706.19706.4.0.dta,4,3548.595135,TCVADESHAGCEKSLHTLFGDELCKVASLR(13)(25),3548.591122,Carbamidomethyl[C](2);Carbamidomethyl[C](11);Carbamidomethyl[C](24),1.000000e+000,7.060322e-002,0.004013,1.130871,1.000000e+000,1.000000e+000
,13,DSSO_HCD_STEP_NCE_25_35_MS2_rej2_T1.20176.20176.3.1.dta,3,3548.607323,TCVADESHAGCEKSLHTLFGDELCKVASLR(13)(25),3548.591122,Carbamidomethyl[C](2);Carbamidomethyl[C](11);Carbamidomethyl[C](24),1.000000e+000,8.988254e-002,0.016201,4.565474,1.000000e+000,1.000000e+000
,14,DSSO_HCD_STEP_NCE_25_35_MS2_rej2_T2.20230.20230.3.1.dta,3,3548.586070,TCVADESHAGCEKSLHTLFGDELCKVASLR(13)(25),3548.591122,Carbamidomethyl[C](2);Carbamidomethyl[C](11);Carbamidomethyl[C](24),1.000000e+000,1.160879e-001,-0.005052,-1.423664,1.000000e+000,1.000000e+000
,15,DSSO_HCD_STEP_NCE_25_35_MS2_rej2_T2.20151.20151.4.0.dta,4,3548.598335,TCVADESHAGCEKSLHTLFGDELCKVASLR(13)(25),3548.591122,Carbamidomethyl[C](2);Carbamidomethyl[C](11);Carbamidomethyl[C](24),1.000000e+000,1.435565e-001,0.007213,2.032638,1.000000e+000,1.000000e+000
,16,DSSO_HCD_STEP_NCE_25_35_MS2_rej2_T1.19965.19965.4.0.dta,4,3548.608353,TCVADESHAGCEKSLHTLFGDELCKVASLR(13)(25),3548.591122,Carbamidomethyl[C](2);Carbamidomethyl[C](11);Carbamidomethyl[C](24),1.000000e+000,1.519021e-001,0.017231,4.855730,1.000000e+000,1.000000e+000
,17,DSSO_HCD_STEP_NCE_25_35_MS2_rej2_T1.20002.20002.4.0.dta,4,3548.616666,TCVADESHAGCEKSLHTLFGDELCKVASLR(13)(25),3548.591122,Carbamidomethyl[C](2);Carbamidomethyl[C](11);Carbamidomethyl[C](24),1.000000e+000,1.600750e-001,0.025544,7.198350,1.000000e+000,1.000000e+000
,18,DSSO_HCD_STEP_NCE_25_35_MS2_rej2_T2.20110.20110.4.1.dta,4,3548.601314,TCVADESHAGCEKSLHTLFGDELCKVASLR(13)(25),3548.591122,Carbamidomethyl[C](2);Carbamidomethyl[C](11);Carbamidomethyl[C](24),1.000000e+000,1.909313e-001,0.010192,2.872126,1.000000e+000,1.000000e+000
,19,DSSO_HCD_STEP_NCE_25_35_MS2_rej2_T2.20129.20129.4.1.dta,4,3548.606084,TCVADESHAGCEKSLHTLFGDELCKVASLR(13)(25),3548.591122,Carbamidomethyl[C](2);Carbamidomethyl[C](11);Carbamidomethyl[C](24),1.000000e+000,2.122861e-001,0.014962,4.216321,1.000000e+000,1.000000e+000
,20,DSSO_HCD_STEP_NCE_25_35_MS2_rej2_T2.20712.20712.3.0.dta,3,3548.597115,TCVADESHAGCEKSLHTLFGDELCKVASLR(13)(25),3548.591122,Carbamidomethyl[C](2);Carbamidomethyl[C](11);Carbamidomethyl[C](24),1.000000e+000,2.162152e-001,0.005993,1.688839,1.000000e+000,1.000000e+000
,21,DSSO_HCD_STEP_NCE_25_35_MS2_rej2_T1.20027.20027.4.0.dta,4,3548.619536,TCVADESHAGCEKSLHTLFGDELCKVASLR(13)(25),3548.591122,Carbamidomethyl[C](2);Carbamidomethyl[C](11);Carbamidomethyl[C](24),1.000000e+000,2.184128e-001,0.028414,8.007121,1.000000e+000,1.000000e+000
,22,DSSO_HCD_STEP_NCE_25_35_MS2_rej2_T1.20041.20041.4.1.dta,4,3548.623063,TCVADESHAGCEKSLHTLFGDELCKVASLR(13)(25),3548.591122,Carbamidomethyl[C](2);Carbamidomethyl[C](11);Carbamidomethyl[C](24),1.000000e+000,2.249673e-001,0.031941,9.001037,1.000000e+000,1.000000e+000
,23,DSSO_HCD_STEP_NCE_25_35_MS2_rej2_T2.20065.20065.4.2.dta,4,3548.603824,TCVADESHAGCEKSLHTLFGDELCKVASLR(13)(25),3548.591122,Carbamidomethyl[C](2);Carbamidomethyl[C](11);Carbamidomethyl[C](24),1.000000e+000,2.304894e-001,0.012702,3.579449,1.000000e+000,1.000000e+000
,24,DSSO_HCD_STEP_NCE_25_35_MS2_rej2_T2.20190.20190.4.0.dta,4,3548.602766,TCVADESHAGCEKSLHTLFGDELCKVASLR(13)(25),3548.591122,Carbamidomethyl[C](2);Carbamidomethyl[C](11);Carbamidomethyl[C](24),1.000000e+000,2.394204e-001,0.011644,3.281302,1.000000e+000,1.000000e+000
,25,DSSO_HCD_STEP_NCE_25_35_MS2_rej2_T2.20711.20711.4.1.dta,4,3548.605878,TCVADESHAGCEKSLHTLFGDELCKVASLR(13)(25),3548.591122,Carbamidomethyl[C](2);Carbamidomethyl[C](11);Carbamidomethyl[C](24),1.000000e+000,2.474908e-001,0.014756,4.158270,1.000000e+000,1.000000e+000
,26,DSSO_HCD_STEP_NCE_25_35_MS2_rej2_T2.20304.20304.4.2.dta,4,3548.606214,TCVADESHAGCEKSLHTLFGDELCKVASLR(13)(25),3548.591122,Carbamidomethyl[C](2);Carbamidomethyl[C](11);Carbamidomethyl[C](24),1.000000e+000,2.640332e-001,0.015092,4.252955,1.000000e+000,1.000000e+000
,27,DSSO_HCD_STEP_NCE_25_35_MS2_rej2_T1.20655.20655.4.3.dta,4,3548.617144,TCVADESHAGCEKSLHTLFGDELCKVASLR(13)(25),3548.591122,Carbamidomethyl[C](2);Carbamidomethyl[C](11);Carbamidomethyl[C](24),1.000000e+000,2.826612e-001,0.026022,7.333051,1.000000e+000,1.000000e+000
,28,DSSO_HCD_STEP_NCE_25_35_MS2_rej2_T2.20095.20095.4.1.dta,4,3548.608167,TCVADESHAGCEKSLHTLFGDELCKVASLR(13)(25),3548.591122,Carbamidomethyl[C](2);Carbamidomethyl[C](11);Carbamidomethyl[C](24),1.000000e+000,2.901856e-001,0.017045,4.803315,1.000000e+000,1.000000e+000
,29,DSSO_HCD_STEP_NCE_25_35_MS2_rej2_T1.20086.20086.4.2.dta,4,3548.627508,TCVADESHAGCEKSLHTLFGDELCKVASLR(13)(25),3548.591122,Carbamidomethyl[C](2);Carbamidomethyl[C](11);Carbamidomethyl[C](24),1.000000e+000,3.176200e-001,0.036386,10.253647,1.000000e+000,1.000000e+000
,30,DSSO_HCD_STEP_NCE_25_35_MS2_rej2_T1.20565.20565.4.1.dta,4,3548.619106,TCVADESHAGCEKSLHTLFGDELCKVASLR(13)(25),3548.591122,Carbamidomethyl[C](2);Carbamidomethyl[C](11);Carbamidomethyl[C](24),1.000000e+000,3.550216e-001,0.027984,7.885947,1.000000e+000,1.000000e+000
,31,DSSO_HCD_STEP_NCE_25_35_MS2_rej2_T1.20393.20393.3.1.dta,3,3548.615686,TCVADESHAGCEKSLHTLFGDELCKVASLR(13)(25),3548.591122,Carbamidomethyl[C](2);Carbamidomethyl[C](11);Carbamidomethyl[C](24),1.000000e+000,3.978056e-001,0.024564,6.922184,1.000000e+000,1.000000e+000
,32,DSSO_HCD_STEP_NCE_25_35_MS2_rej2_T1.21015.21015.4.0.dta,4,3548.617084,TCVADESHAGCEKSLHTLFGDELCKVASLR(13)(25),3548.591122,Carbamidomethyl[C](2);Carbamidomethyl[C](11);Carbamidomethyl[C](24),1.000000e+000,4.360962e-001,0.025962,7.316143,1.000000e+000,1.000000e+000
16,sp|P02769|ALBU_BOVIN (580)(597),1,1
,1,DSSO_HCD_STEP_NCE_25_35_MS2_rej2_T2.25397.25397.3.0.dta,3,4450.055049,TVMENFVAFVDKCCAADDKEACFAVEGPKLVVSTQTALA(12)(29),4450.041775,Carbamidomethyl[C](13);Carbamidomethyl[C](14);Carbamidomethyl[C](22),1.000000e+000,3.915180e-002,0.013274,2.982893,1.000000e+000,1.000000e+000
17,sp|P02769|ALBU_BOVIN (299)(309),1,1
,1,DSSO_HCD_STEP_NCE_25_35_MS2_rej2_T1.10984.10984.4.1.dta,4,2744.279091,LKECCDKPLLEKSHCIAEVEK(2)(12),2744.276078,Carbamidomethyl[C](4);Carbamidomethyl[C](5);Carbamidomethyl[C](15),1.000000e+000,4.201280e-002,0.003013,1.097922,1.000000e+000,1.000000e+000
18,sp|P02769|ALBU_BOVIN (401)(412),1,11
,1,DSSO_HCD_STEP_NCE_25_35_MS2_rej2_T1.13609.13609.3.0.dta,3,2754.331391,LKHLVDEPQNLIKQNCDQFEK(2)(13),2754.322435,Carbamidomethyl[C](16),1.000000e+000,5.800176e-002,0.008956,3.251616,1.000000e+000,1.000000e+000
,2,DSSO_HCD_STEP_NCE_25_35_MS2_rej2_T2.13774.13774.3.0.dta,3,2754.330448,LKHLVDEPQNLIKQNCDQFEK(2)(13),2754.322435,Carbamidomethyl[C](16),1.000000e+000,6.631085e-002,0.008013,2.909245,1.000000e+000,1.000000e+000
,3,DSSO_HCD_STEP_NCE_25_35_MS2_rej2_T1.13578.13578.3.0.dta,3,2754.331699,LKHLVDEPQNLIKQNCDQFEK(2)(13),2754.322435,Carbamidomethyl[C](16),1.000000e+000,7.415152e-002,0.009264,3.363441,1.000000e+000,1.000000e+000
,4,DSSO_HCD_STEP_NCE_25_35_MS2_rej2_T1.13907.13907.3.0.dta,3,2754.325709,LKHLVDEPQNLIKQNCDQFEK(2)(13),2754.322435,Carbamidomethyl[C](16),1.000000e+000,1.135018e-001,0.003274,1.188677,1.000000e+000,1.000000e+000
,5,DSSO_HCD_STEP_NCE_25_35_MS2_rej2_T1.13878.13878.3.0.dta,3,2754.327388,LKHLVDEPQNLIKQNCDQFEK(2)(13),2754.322435,Carbamidomethyl[C](16),1.000000e+000,1.234205e-001,0.004953,1.798264,1.000000e+000,1.000000e+000
,6,DSSO_HCD_STEP_NCE_25_35_MS2_rej2_T1.13566.13566.3.0.dta,3,2754.331227,LKHLVDEPQNLIKQNCDQFEK(2)(13),2754.322435,Carbamidomethyl[C](16),1.000000e+000,1.365247e-001,0.008792,3.192074,1.000000e+000,1.000000e+000
,7,DSSO_HCD_STEP_NCE_25_35_MS2_rej2_T2.14012.14012.3.0.dta,3,2754.328444,LKHLVDEPQNLIKQNCDQFEK(2)(13),2754.322435,Carbamidomethyl[C](16),1.000000e+000,1.660908e-001,0.006009,2.181662,1.000000e+000,1.000000e+000
,8,DSSO_HCD_STEP_NCE_25_35_MS2_rej2_T1.14322.14322.3.1.dta,3,2754.325892,LKHLVDEPQNLIKQNCDQFEK(2)(13),2754.322435,Carbamidomethyl[C](16),1.000000e+000,2.257651e-001,0.003457,1.255118,1.000000e+000,1.000000e+000
,9,DSSO_HCD_STEP_NCE_25_35_MS2_rej2_T1.14246.14246.3.2.dta,3,2754.325480,LKHLVDEPQNLIKQNCDQFEK(2)(13),2754.322435,Carbamidomethyl[C](16),1.000000e+000,2.414237e-001,0.003045,1.105535,1.000000e+000,1.000000e+000
,10,DSSO_HCD_STEP_NCE_25_35_MS2_rej2_T2.14333.14333.3.0.dta,3,2754.327873,LKHLVDEPQNLIKQNCDQFEK(2)(13),2754.322435,Carbamidomethyl[C](16),1.000000e+000,2.781482e-001,0.005438,1.974351,1.000000e+000,1.000000e+000
,11,DSSO_HCD_STEP_NCE_25_35_MS2_rej2_T2.13996.13996.3.0.dta,3,2754.330159,LKHLVDEPQNLIKQNCDQFEK(2)(13),2754.322435,Carbamidomethyl[C](16),1.000000e+000,4.481548e-001,0.007724,2.804319,1.000000e+000,1.000000e+000
19,sp|P02769|ALBU_BOVIN (156)(160),1,4
,1,DSSO_HCD_STEP_NCE_25_35_MS2_rej2_T1.21643.21643.2.0.dta,2,1731.860335,KFWGKYLYEIAR(1)(5),1731.856250,null,1.000000e+000,7.434880e-002,0.004085,2.358741,1.000000e+000,1.000000e+000
,2,DSSO_HCD_STEP_NCE_25_35_MS2_rej2_T2.21833.21833.2.0.dta,2,1731.863236,KFWGKYLYEIAR(1)(5),1731.856250,null,1.000000e+000,1.708706e-001,0.006986,4.033822,1.000000e+000,1.000000e+000
,3,DSSO_HCD_STEP_NCE_25_35_MS2_rej2_T2.21788.21788.2.0.dta,2,1731.864121,KFWGKYLYEIAR(1)(5),1731.856250,null,1.000000e+000,2.308816e-001,0.007871,4.544834,1.000000e+000,1.000000e+000
,4,DSSO_HCD_STEP_NCE_25_35_MS2_rej2_T1.22575.22575.2.5.dta,2,1731.847908,KFWGKYLYEIAR(1)(5),1731.856250,null,1.000000e+000,8.236304e-001,-0.008342,-4.816797,1.000000e+000,1.000000e+000
20,sp|P02769|ALBU_BOVIN (245)(248),1,2
,1,DSSO_HCD_STEP_NCE_25_35_MS2_rej2_T1.16019.16019.3.0.dta,3,1908.986810,LSQKFPKAEFVEVTK(4)(7),1908.977475,null,1.000000e+000,9.389483e-002,0.009335,4.890052,1.000000e+000,1.000000e+000
,2,DSSO_HCD_STEP_NCE_25_35_MS2_rej2_T1.16002.16002.3.1.dta,3,1908.986810,LSQKFPKAEFVEVTK(4)(7),1908.977475,null,1.000000e+000,1.183207e-001,0.009335,4.890052,1.000000e+000,1.000000e+000
21,sp|P02769|ALBU_BOVIN (297)(304),1,5
,1,DSSO_HCD_STEP_NCE_25_35_MS2_rej2_T1.12731.12731.3.0.dta,3,3115.411892,YICDNQDTISSKLKECCDKPLLEK(12)(19),3115.408927,Carbamidomethyl[C](3);Carbamidomethyl[C](16);Carbamidomethyl[C](17),1.000000e+000,1.537028e-001,0.002965,0.951721,1.000000e+000,1.000000e+000
,2,DSSO_HCD_STEP_NCE_25_35_MS2_rej2_T2.14459.14459.3.1.dta,3,3115.414009,YICDNQDTISSKLKECCDKPLLEK(12)(19),3115.408927,Carbamidomethyl[C](3);Carbamidomethyl[C](16);Carbamidomethyl[C](17),1.000000e+000,2.489612e-001,0.005082,1.631247,1.000000e+000,1.000000e+000
,3,DSSO_HCD_STEP_NCE_25_35_MS2_rej2_T1.14409.14409.3.0.dta,3,3115.414444,YICDNQDTISSKLKECCDKPLLEK(12)(19),3115.408927,Carbamidomethyl[C](3);Carbamidomethyl[C](16);Carbamidomethyl[C](17),1.000000e+000,2.502461e-001,0.005517,1.770875,1.000000e+000,1.000000e+000
,4,DSSO_HCD_STEP_NCE_25_35_MS2_rej2_T2.14363.14363.3.2.dta,3,3115.414009,YICDNQDTISSKLKECCDKPLLEK(12)(19),3115.408927,Carbamidomethyl[C](3);Carbamidomethyl[C](16);Carbamidomethyl[C](17),1.000000e+000,2.693378e-001,0.005082,1.631247,1.000000e+000,1.000000e+000
,5,DSSO_HCD_STEP_NCE_25_35_MS2_rej2_T1.14273.14273.3.2.dta,3,3115.415152,YICDNQDTISSKLKECCDKPLLEK(12)(19),3115.408927,Carbamidomethyl[C](3);Carbamidomethyl[C](16);Carbamidomethyl[C](17),1.000000e+000,3.815192e-001,0.006225,1.998133,1.000000e+000,1.000000e+000
22,sp|P02769|ALBU_BOVIN (547)(548),1,2
,1,DSSO_HCD_STEP_NCE_25_35_MS2_rej2_T1.18443.18443.2.0.dta,2,1669.958898,QIKKQTALVELLK(3)(4),1669.955623,null,1.000000e+000,1.760807e-001,0.003275,1.961130,1.000000e+000,1.000000e+000
,2,DSSO_HCD_STEP_NCE_25_35_MS2_rej2_T2.18493.18493.2.0.dta,2,1669.959574,QIKKQTALVELLK(3)(4),1669.955623,null,1.000000e+000,2.152272e-001,0.003951,2.365931,1.000000e+000,1.000000e+000
23,sp|P02769|ALBU_BOVIN (155)(156),1,5
,1,DSSO_HCD_STEP_NCE_25_35_MS2_rej2_T2.10450.10450.2.0.dta,2,1266.583336,ADEKKFWGK(4)(5),1266.582281,null,1.000000e+000,1.761489e-001,0.001055,0.832950,1.000000e+000,1.000000e+000
,2,DSSO_HCD_STEP_NCE_25_35_MS2_rej2_T1.10055.10055.2.0.dta,2,1266.583368,ADEKKFWGK(4)(5),1266.582281,null,1.000000e+000,1.803009e-001,0.001087,0.858215,1.000000e+000,1.000000e+000
,3,DSSO_HCD_STEP_NCE_25_35_MS2_rej2_T1.10143.10143.2.0.dta,2,1266.583069,ADEKKFWGK(4)(5),1266.582281,null,1.000000e+000,1.810337e-001,0.000788,0.622147,1.000000e+000,1.000000e+000
,4,DSSO_HCD_STEP_NCE_25_35_MS2_rej2_T1.10233.10233.2.0.dta,2,1266.583102,ADEKKFWGK(4)(5),1266.582281,null,1.000000e+000,2.719279e-001,0.000821,0.648201,1.000000e+000,1.000000e+000
,5,DSSO_HCD_STEP_NCE_25_35_MS2_rej2_T2.10601.10601.2.2.dta,2,1266.583215,ADEKKFWGK(4)(5),1266.582281,null,1.000000e+000,7.070269e-001,0.000934,0.737418,1.000000e+000,1.000000e+000
24,sp|P02769|ALBU_BOVIN (256)(263),1,3
,1,DSSO_HCD_STEP_NCE_25_35_MS2_rej2_T1.24137.24137.3.0.dta,3,2215.172810,AEFVEVTKLVTDLTKVHK(8)(15),2215.167778,null,1.000000e+000,2.486902e-001,0.005032,2.271611,1.000000e+000,1.000000e+000
,2,DSSO_HCD_STEP_NCE_25_35_MS2_rej2_T2.24432.24432.3.0.dta,3,2215.171739,AEFVEVTKLVTDLTKVHK(8)(15),2215.167778,null,1.000000e+000,2.821872e-001,0.003961,1.788126,1.000000e+000,1.000000e+000
,3,DSSO_HCD_STEP_NCE_25_35_MS2_rej2_T2.24620.24620.4.0.dta,4,2215.169141,AEFVEVTKLVTDLTKVHK(8)(15),2215.167778,null,1.000000e+000,2.960696e-001,0.001363,0.615303,1.000000e+000,1.000000e+000
25,sp|P02769|ALBU_BOVIN (248)(256),1,2
,1,DSSO_HCD_STEP_NCE_25_35_MS2_rej2_T1.27826.27826.3.0.dta,3,2223.166391,FPKAEFVEVTKLVTDLTK(3)(11),2223.161632,null,1.000000e+000,2.895501e-001,0.004759,2.140645,1.000000e+000,1.000000e+000
,2,DSSO_HCD_STEP_NCE_25_35_MS2_rej2_T2.28002.28002.3.0.dta,3,2223.167113,FPKAEFVEVTKLVTDLTK(3)(11),2223.161632,null,1.000000e+000,4.388908e-001,0.005481,2.465408,1.000000e+000,1.000000e+000
26,sp|P02769|ALBU_BOVIN (374)(386),1,1
,1,DSSO_HCD_STEP_NCE_25_35_MS2_rej2_T1.13545.13545.3.1.dta,3,3508.488433,LAKEYEATLEECCAKDDPHACYSTVFDK(3)(15),3508.468616,Carbamidomethyl[C](12);Carbamidomethyl[C](13);Carbamidomethyl[C](21),1.000000e+000,3.091919e-001,0.019817,5.648333,1.000000e+000,1.000000e+000
27,sp|P02769|ALBU_BOVIN (204)(211),1,4
,1,DSSO_HCD_STEP_NCE_25_35_MS2_rej2_T2.10574.10574.4.0.dta,4,2488.291759,GACLLPKIETMREKVLASSAR(7)(14),2488.271926,Carbamidomethyl[C](3),1.000000e+000,3.799810e-001,0.019833,7.970592,1.000000e+000,1.000000e+000
,2,DSSO_HCD_STEP_NCE_25_35_MS2_rej2_T1.10232.10232.4.1.dta,4,2488.289972,GACLLPKIETMREKVLASSAR(7)(14),2488.271926,Carbamidomethyl[C](3),1.000000e+000,4.181569e-001,0.018046,7.252423,1.000000e+000,1.000000e+000
,3,DSSO_HCD_STEP_NCE_25_35_MS2_rej2_T2.10599.10599.5.0.dta,5,2488.291502,GACLLPKIETMREKVLASSAR(7)(14),2488.271926,Carbamidomethyl[C](3),1.000000e+000,4.265566e-001,0.019576,7.867307,1.000000e+000,1.000000e+000
,4,DSSO_HCD_STEP_NCE_25_35_MS2_rej2_T2.10575.10575.4.0.dta,4,2488.291759,GACLLPKIETMREKVLASSAR(7)(14),2488.271926,Carbamidomethyl[C](3),1.000000e+000,4.384210e-001,0.019833,7.970592,1.000000e+000,1.000000e+000
28,sp|P02769|ALBU_BOVIN (455)(463),1,5
,1,DSSO_HCD_STEP_NCE_25_35_MS2_rej2_T1.7002.7002.3.1.dta,3,2122.985739,SLGKVGTRCCTKPESER(4)(12),2122.967719,Carbamidomethyl[C](9);Carbamidomethyl[C](10),1.000000e+000,7.126962e-001,0.018020,8.488118,1.000000e+000,1.000000e+000
,2,DSSO_HCD_STEP_NCE_25_35_MS2_rej2_T2.6967.6967.3.1.dta,3,2122.982107,SLGKVGTRCCTKPESER(4)(12),2122.967719,Carbamidomethyl[C](9);Carbamidomethyl[C](10),1.000000e+000,7.953987e-001,0.014388,6.777305,1.000000e+000,1.000000e+000
,3,DSSO_HCD_STEP_NCE_25_35_MS2_rej2_T2.7860.7860.3.1.dta,3,2122.981147,SLGKVGTRCCTKPESER(4)(12),2122.967719,Carbamidomethyl[C](9);Carbamidomethyl[C](10),1.000000e+000,8.129859e-001,0.013428,6.325108,1.000000e+000,1.000000e+000
,4,DSSO_HCD_STEP_NCE_25_35_MS2_rej2_T2.7378.7378.3.1.dta,3,2122.981567,SLGKVGTRCCTKPESER(4)(12),2122.967719,Carbamidomethyl[C](9);Carbamidomethyl[C](10),1.000000e+000,8.310055e-001,0.013848,6.522944,1.000000e+000,1.000000e+000
,5,DSSO_HCD_STEP_NCE_25_35_MS2_rej2_T1.6021.6021.3.0.dta,3,2122.989069,SLGKVGTRCCTKPESER(4)(12),2122.967719,Carbamidomethyl[C](9);Carbamidomethyl[C](10),1.000000e+000,8.475483e-001,0.021350,10.056677,1.000000e+000,1.000000e+000
